-- phpMyAdmin SQL Dump
-- version 4.8.5
-- https://www.phpmyadmin.net/
--
-- Servidor: 127.0.0.1
-- Tiempo de generación: 15-06-2019 a las 12:59:57
-- Versión del servidor: 10.1.38-MariaDB
-- Versión de PHP: 7.3.4

SET SQL_MODE = "NO_AUTO_VALUE_ON_ZERO";
SET AUTOCOMMIT = 0;
START TRANSACTION;
SET time_zone = "+00:00";


/*!40101 SET @OLD_CHARACTER_SET_CLIENT=@@CHARACTER_SET_CLIENT */;
/*!40101 SET @OLD_CHARACTER_SET_RESULTS=@@CHARACTER_SET_RESULTS */;
/*!40101 SET @OLD_COLLATION_CONNECTION=@@COLLATION_CONNECTION */;
/*!40101 SET NAMES utf8mb4 */;

--
-- Base de datos: `qytetet`
--

-- --------------------------------------------------------

--
-- Estructura de tabla para la tabla `carta`
--

CREATE TABLE `carta` (
  `id` int(11) NOT NULL,
  `nombre` varchar(255) COLLATE utf8mb4_unicode_ci NOT NULL,
  `efecto` varchar(255) COLLATE utf8mb4_unicode_ci NOT NULL,
  `usuario_id` int(11) DEFAULT NULL
) ENGINE=InnoDB DEFAULT CHARSET=utf8mb4 COLLATE=utf8mb4_unicode_ci;

--
-- Volcado de datos para la tabla `carta`
--

INSERT INTO `carta` (`id`, `nombre`, `efecto`, `usuario_id`) VALUES
(1, 'Carta1', 'Te desplazas a la casilla de inicio', NULL),
(2, 'Carta2', 'Vas a la cárcel', NULL),
(3, 'Carta3', 'Recibes 1500 euros', NULL),
(4, 'Carta4', 'Le pagas a la banca 1500 euros', NULL),
(5, 'Carta5', 'El jugador recibe 500 euros de cada jugador', NULL),
(6, 'Carta6', 'El jugador paga 500 euros de cada jugador', NULL);

-- --------------------------------------------------------

--
-- Estructura de tabla para la tabla `carta_partida`
--

CREATE TABLE `carta_partida` (
  `carta_id` int(11) NOT NULL,
  `partida_id` int(11) NOT NULL
) ENGINE=InnoDB DEFAULT CHARSET=utf8mb4 COLLATE=utf8mb4_unicode_ci;

--
-- Volcado de datos para la tabla `carta_partida`
--

INSERT INTO `carta_partida` (`carta_id`, `partida_id`) VALUES
(1, 8549),
(1, 63567),
(1, 137207),
(1, 202597),
(1, 237886),
(1, 272826),
(1, 290857),
(1, 357857),
(1, 417458),
(1, 438412),
(1, 479877),
(1, 482248),
(1, 523868),
(1, 563209),
(1, 600282),
(1, 604172),
(1, 623741),
(1, 626733),
(1, 646776),
(1, 655193),
(1, 713112),
(1, 809376),
(1, 859039),
(1, 916028),
(1, 917222),
(1, 920340),
(1, 935040),
(1, 947398),
(1, 981307),
(1, 984487),
(1, 1053527),
(1, 1201122),
(1, 1205938),
(1, 1224721),
(1, 1247804),
(1, 1254494),
(1, 1331073),
(1, 1346722),
(1, 1363721),
(1, 1368666),
(1, 1374989),
(1, 1379036),
(1, 1487554),
(1, 1525822),
(1, 1554448),
(1, 1595216),
(1, 1597782),
(1, 1611299),
(1, 1624230),
(1, 1670162),
(1, 1672434),
(1, 1712073),
(1, 1718667),
(1, 1726660),
(1, 1740253),
(1, 1775223),
(1, 1803089),
(1, 1804583),
(1, 1805179),
(1, 1848527),
(1, 1870880),
(1, 1935728),
(1, 1945290),
(1, 2049169),
(1, 2133673),
(1, 2160363),
(1, 2248279),
(1, 2302047),
(1, 2310760),
(1, 2344186),
(1, 2349111),
(1, 2421683),
(1, 2465951),
(1, 2542494),
(1, 2566250),
(1, 2605146),
(1, 2678020),
(1, 2751239),
(1, 2840570),
(1, 2851927),
(1, 2865672),
(1, 2880610),
(1, 2880951),
(1, 2921196),
(1, 2956996),
(1, 2965053),
(1, 2974790),
(1, 3004832),
(1, 3020095),
(1, 3032177),
(1, 3061271),
(1, 3076799),
(1, 3081102),
(1, 3153186),
(1, 3173783),
(1, 3334565),
(1, 3349236),
(1, 3413930),
(1, 3513280),
(1, 3514355),
(1, 3520522),
(1, 3587133),
(1, 3594498),
(1, 3631622),
(1, 3643762),
(1, 3700218),
(1, 3727355),
(1, 3761194),
(1, 3806923),
(1, 3841239),
(1, 3959030),
(1, 4005499),
(1, 4031482),
(1, 4065062),
(1, 4085257),
(1, 4153803),
(1, 4243653),
(1, 4301425),
(1, 4306802),
(1, 4418511),
(1, 4500138),
(1, 4522049),
(1, 4603077),
(1, 4637335),
(1, 4659047),
(1, 4693326),
(1, 4820564),
(1, 4909973),
(1, 4961259),
(1, 4979528),
(1, 5028354),
(1, 5075889),
(1, 5094450),
(1, 5163276),
(1, 5186764),
(1, 5245451),
(1, 5336299),
(1, 5353281),
(1, 5453981),
(1, 5459448),
(1, 5465893),
(1, 5492672),
(1, 5598714),
(1, 5652090),
(1, 5688892),
(1, 5759068),
(1, 5784438),
(1, 5793017),
(1, 5897645),
(1, 5967269),
(1, 6048949),
(1, 6078226),
(1, 6109994),
(1, 6189393),
(1, 6218767),
(1, 6249859),
(1, 6261567),
(1, 6310696),
(1, 6359123),
(1, 6389830),
(1, 6405424),
(1, 6545054),
(1, 6567778),
(1, 6585699),
(1, 6606529),
(1, 6639456),
(1, 6930656),
(1, 7020794),
(1, 7041177),
(1, 7062423),
(1, 7103112),
(1, 7107879),
(1, 7281782),
(1, 7299401),
(1, 7404723),
(1, 7433765),
(1, 7442779),
(1, 7473407),
(1, 7501008),
(1, 7634786),
(1, 7680407),
(1, 7697816),
(1, 7757949),
(1, 7826822),
(1, 7866790),
(1, 7911611),
(1, 8041847),
(1, 8059347),
(1, 8073153),
(1, 8095996),
(1, 8105517),
(1, 8146727),
(1, 8171896),
(1, 8185330),
(1, 8316239),
(1, 8429839),
(1, 8496054),
(1, 8507888),
(1, 8523770),
(1, 8575165),
(1, 8604770),
(1, 8652186),
(1, 8716834),
(1, 8750632),
(1, 8751561),
(1, 8759994),
(1, 8767144),
(1, 8791031),
(1, 8927354),
(1, 8965433),
(1, 8977281),
(1, 8992197),
(1, 9001669),
(1, 9041515),
(1, 9069303),
(1, 9095718),
(1, 9127370),
(1, 9130051),
(1, 9243832),
(1, 9295122),
(1, 9346903),
(1, 9358546),
(1, 9423562),
(1, 9474202),
(1, 9478616),
(1, 9502461),
(1, 9512427),
(1, 9523213),
(1, 9544107),
(1, 9607351),
(1, 9756033),
(1, 9875143),
(1, 9957437),
(2, 8549),
(2, 63567),
(2, 137207),
(2, 202597),
(2, 237886),
(2, 272826),
(2, 290857),
(2, 357857),
(2, 417458),
(2, 438412),
(2, 479877),
(2, 482248),
(2, 523868),
(2, 563209),
(2, 600282),
(2, 604172),
(2, 623741),
(2, 626733),
(2, 646776),
(2, 655193),
(2, 713112),
(2, 809376),
(2, 859039),
(2, 916028),
(2, 917222),
(2, 920340),
(2, 935040),
(2, 947398),
(2, 981307),
(2, 984487),
(2, 1053527),
(2, 1201122),
(2, 1205938),
(2, 1224721),
(2, 1247804),
(2, 1254494),
(2, 1331073),
(2, 1346722),
(2, 1363721),
(2, 1368666),
(2, 1374989),
(2, 1379036),
(2, 1487554),
(2, 1525822),
(2, 1554448),
(2, 1595216),
(2, 1597782),
(2, 1611299),
(2, 1624230),
(2, 1670162),
(2, 1672434),
(2, 1712073),
(2, 1718667),
(2, 1726660),
(2, 1740253),
(2, 1775223),
(2, 1803089),
(2, 1804583),
(2, 1805179),
(2, 1848527),
(2, 1870880),
(2, 1935728),
(2, 1945290),
(2, 2049169),
(2, 2133673),
(2, 2160363),
(2, 2248279),
(2, 2302047),
(2, 2310760),
(2, 2344186),
(2, 2349111),
(2, 2421683),
(2, 2465951),
(2, 2542494),
(2, 2566250),
(2, 2605146),
(2, 2678020),
(2, 2751239),
(2, 2840570),
(2, 2851927),
(2, 2865672),
(2, 2880610),
(2, 2880951),
(2, 2921196),
(2, 2956996),
(2, 2965053),
(2, 2974790),
(2, 3004832),
(2, 3020095),
(2, 3032177),
(2, 3061271),
(2, 3076799),
(2, 3081102),
(2, 3153186),
(2, 3173783),
(2, 3334565),
(2, 3349236),
(2, 3413930),
(2, 3513280),
(2, 3514355),
(2, 3520522),
(2, 3587133),
(2, 3594498),
(2, 3631622),
(2, 3643762),
(2, 3700218),
(2, 3727355),
(2, 3761194),
(2, 3806923),
(2, 3841239),
(2, 3959030),
(2, 4005499),
(2, 4031482),
(2, 4065062),
(2, 4085257),
(2, 4153803),
(2, 4243653),
(2, 4301425),
(2, 4306802),
(2, 4418511),
(2, 4500138),
(2, 4522049),
(2, 4603077),
(2, 4637335),
(2, 4659047),
(2, 4693326),
(2, 4820564),
(2, 4909973),
(2, 4961259),
(2, 4979528),
(2, 5028354),
(2, 5075889),
(2, 5094450),
(2, 5163276),
(2, 5186764),
(2, 5245451),
(2, 5336299),
(2, 5353281),
(2, 5453981),
(2, 5459448),
(2, 5465893),
(2, 5492672),
(2, 5598714),
(2, 5652090),
(2, 5688892),
(2, 5759068),
(2, 5784438),
(2, 5793017),
(2, 5897645),
(2, 5967269),
(2, 6048949),
(2, 6078226),
(2, 6109994),
(2, 6189393),
(2, 6218767),
(2, 6249859),
(2, 6261567),
(2, 6310696),
(2, 6359123),
(2, 6389830),
(2, 6405424),
(2, 6545054),
(2, 6567778),
(2, 6585699),
(2, 6606529),
(2, 6639456),
(2, 6930656),
(2, 7020794),
(2, 7041177),
(2, 7062423),
(2, 7103112),
(2, 7107879),
(2, 7281782),
(2, 7299401),
(2, 7404723),
(2, 7433765),
(2, 7442779),
(2, 7473407),
(2, 7501008),
(2, 7634786),
(2, 7680407),
(2, 7697816),
(2, 7757949),
(2, 7826822),
(2, 7866790),
(2, 7911611),
(2, 8041847),
(2, 8059347),
(2, 8073153),
(2, 8095996),
(2, 8105517),
(2, 8146727),
(2, 8171896),
(2, 8185330),
(2, 8316239),
(2, 8429839),
(2, 8496054),
(2, 8507888),
(2, 8523770),
(2, 8575165),
(2, 8604770),
(2, 8652186),
(2, 8716834),
(2, 8750632),
(2, 8751561),
(2, 8759994),
(2, 8767144),
(2, 8791031),
(2, 8927354),
(2, 8965433),
(2, 8977281),
(2, 8992197),
(2, 9001669),
(2, 9041515),
(2, 9069303),
(2, 9095718),
(2, 9127370),
(2, 9130051),
(2, 9243832),
(2, 9295122),
(2, 9346903),
(2, 9358546),
(2, 9423562),
(2, 9474202),
(2, 9478616),
(2, 9502461),
(2, 9512427),
(2, 9523213),
(2, 9544107),
(2, 9607351),
(2, 9756033),
(2, 9875143),
(2, 9957437),
(3, 8549),
(3, 63567),
(3, 137207),
(3, 202597),
(3, 237886),
(3, 272826),
(3, 290857),
(3, 357857),
(3, 417458),
(3, 438412),
(3, 479877),
(3, 482248),
(3, 523868),
(3, 563209),
(3, 600282),
(3, 604172),
(3, 623741),
(3, 626733),
(3, 646776),
(3, 655193),
(3, 713112),
(3, 809376),
(3, 859039),
(3, 916028),
(3, 917222),
(3, 920340),
(3, 935040),
(3, 947398),
(3, 981307),
(3, 984487),
(3, 1053527),
(3, 1201122),
(3, 1205938),
(3, 1224721),
(3, 1247804),
(3, 1254494),
(3, 1331073),
(3, 1346722),
(3, 1363721),
(3, 1368666),
(3, 1374989),
(3, 1379036),
(3, 1487554),
(3, 1525822),
(3, 1554448),
(3, 1595216),
(3, 1597782),
(3, 1611299),
(3, 1624230),
(3, 1670162),
(3, 1672434),
(3, 1712073),
(3, 1718667),
(3, 1726660),
(3, 1740253),
(3, 1775223),
(3, 1803089),
(3, 1804583),
(3, 1805179),
(3, 1848527),
(3, 1870880),
(3, 1935728),
(3, 1945290),
(3, 2049169),
(3, 2133673),
(3, 2160363),
(3, 2248279),
(3, 2302047),
(3, 2310760),
(3, 2344186),
(3, 2349111),
(3, 2421683),
(3, 2465951),
(3, 2542494),
(3, 2566250),
(3, 2605146),
(3, 2678020),
(3, 2751239),
(3, 2840570),
(3, 2851927),
(3, 2865672),
(3, 2880610),
(3, 2880951),
(3, 2921196),
(3, 2956996),
(3, 2965053),
(3, 2974790),
(3, 3004832),
(3, 3020095),
(3, 3032177),
(3, 3061271),
(3, 3076799),
(3, 3081102),
(3, 3153186),
(3, 3173783),
(3, 3334565),
(3, 3349236),
(3, 3413930),
(3, 3513280),
(3, 3514355),
(3, 3520522),
(3, 3587133),
(3, 3594498),
(3, 3631622),
(3, 3643762),
(3, 3700218),
(3, 3727355),
(3, 3761194),
(3, 3806923),
(3, 3841239),
(3, 3959030),
(3, 4005499),
(3, 4031482),
(3, 4065062),
(3, 4085257),
(3, 4153803),
(3, 4243653),
(3, 4301425),
(3, 4306802),
(3, 4418511),
(3, 4500138),
(3, 4522049),
(3, 4603077),
(3, 4637335),
(3, 4659047),
(3, 4693326),
(3, 4820564),
(3, 4909973),
(3, 4961259),
(3, 4979528),
(3, 5028354),
(3, 5075889),
(3, 5094450),
(3, 5163276),
(3, 5186764),
(3, 5245451),
(3, 5336299),
(3, 5353281),
(3, 5453981),
(3, 5459448),
(3, 5465893),
(3, 5492672),
(3, 5598714),
(3, 5652090),
(3, 5688892),
(3, 5759068),
(3, 5784438),
(3, 5793017),
(3, 5897645),
(3, 5967269),
(3, 6048949),
(3, 6078226),
(3, 6109994),
(3, 6189393),
(3, 6218767),
(3, 6249859),
(3, 6261567),
(3, 6310696),
(3, 6359123),
(3, 6389830),
(3, 6405424),
(3, 6545054),
(3, 6567778),
(3, 6585699),
(3, 6606529),
(3, 6639456),
(3, 6930656),
(3, 7020794),
(3, 7041177),
(3, 7062423),
(3, 7103112),
(3, 7107879),
(3, 7281782),
(3, 7299401),
(3, 7404723),
(3, 7433765),
(3, 7442779),
(3, 7473407),
(3, 7501008),
(3, 7634786),
(3, 7680407),
(3, 7697816),
(3, 7757949),
(3, 7826822),
(3, 7866790),
(3, 7911611),
(3, 8041847),
(3, 8059347),
(3, 8073153),
(3, 8095996),
(3, 8105517),
(3, 8146727),
(3, 8171896),
(3, 8185330),
(3, 8316239),
(3, 8429839),
(3, 8496054),
(3, 8507888),
(3, 8523770),
(3, 8575165),
(3, 8604770),
(3, 8652186),
(3, 8716834),
(3, 8750632),
(3, 8751561),
(3, 8759994),
(3, 8767144),
(3, 8791031),
(3, 8927354),
(3, 8965433),
(3, 8977281),
(3, 8992197),
(3, 9001669),
(3, 9041515),
(3, 9069303),
(3, 9095718),
(3, 9127370),
(3, 9130051),
(3, 9243832),
(3, 9295122),
(3, 9346903),
(3, 9358546),
(3, 9423562),
(3, 9474202),
(3, 9478616),
(3, 9502461),
(3, 9512427),
(3, 9523213),
(3, 9544107),
(3, 9607351),
(3, 9756033),
(3, 9875143),
(3, 9957437),
(4, 8549),
(4, 63567),
(4, 137207),
(4, 202597),
(4, 237886),
(4, 272826),
(4, 290857),
(4, 357857),
(4, 417458),
(4, 438412),
(4, 479877),
(4, 482248),
(4, 523868),
(4, 563209),
(4, 600282),
(4, 604172),
(4, 623741),
(4, 626733),
(4, 646776),
(4, 655193),
(4, 713112),
(4, 809376),
(4, 859039),
(4, 916028),
(4, 917222),
(4, 920340),
(4, 935040),
(4, 947398),
(4, 981307),
(4, 984487),
(4, 1053527),
(4, 1201122),
(4, 1205938),
(4, 1224721),
(4, 1247804),
(4, 1254494),
(4, 1331073),
(4, 1346722),
(4, 1363721),
(4, 1368666),
(4, 1374989),
(4, 1379036),
(4, 1487554),
(4, 1525822),
(4, 1554448),
(4, 1595216),
(4, 1597782),
(4, 1611299),
(4, 1624230),
(4, 1670162),
(4, 1672434),
(4, 1712073),
(4, 1718667),
(4, 1726660),
(4, 1740253),
(4, 1775223),
(4, 1803089),
(4, 1804583),
(4, 1805179),
(4, 1848527),
(4, 1870880),
(4, 1935728),
(4, 1945290),
(4, 2049169),
(4, 2133673),
(4, 2160363),
(4, 2248279),
(4, 2302047),
(4, 2310760),
(4, 2344186),
(4, 2349111),
(4, 2421683),
(4, 2465951),
(4, 2542494),
(4, 2566250),
(4, 2605146),
(4, 2678020),
(4, 2751239),
(4, 2840570),
(4, 2851927),
(4, 2865672),
(4, 2880610),
(4, 2880951),
(4, 2921196),
(4, 2956996),
(4, 2965053),
(4, 2974790),
(4, 3004832),
(4, 3020095),
(4, 3032177),
(4, 3061271),
(4, 3076799),
(4, 3081102),
(4, 3153186),
(4, 3173783),
(4, 3334565),
(4, 3349236),
(4, 3413930),
(4, 3513280),
(4, 3514355),
(4, 3520522),
(4, 3587133),
(4, 3594498),
(4, 3631622),
(4, 3643762),
(4, 3700218),
(4, 3727355),
(4, 3761194),
(4, 3806923),
(4, 3841239),
(4, 3959030),
(4, 4005499),
(4, 4031482),
(4, 4065062),
(4, 4085257),
(4, 4153803),
(4, 4243653),
(4, 4301425),
(4, 4306802),
(4, 4418511),
(4, 4500138),
(4, 4522049),
(4, 4603077),
(4, 4637335),
(4, 4659047),
(4, 4693326),
(4, 4820564),
(4, 4909973),
(4, 4961259),
(4, 4979528),
(4, 5028354),
(4, 5075889),
(4, 5094450),
(4, 5163276),
(4, 5186764),
(4, 5245451),
(4, 5336299),
(4, 5353281),
(4, 5453981),
(4, 5459448),
(4, 5465893),
(4, 5492672),
(4, 5598714),
(4, 5652090),
(4, 5688892),
(4, 5759068),
(4, 5784438),
(4, 5793017),
(4, 5897645),
(4, 5967269),
(4, 6048949),
(4, 6078226),
(4, 6109994),
(4, 6189393),
(4, 6218767),
(4, 6249859),
(4, 6261567),
(4, 6310696),
(4, 6359123),
(4, 6389830),
(4, 6405424),
(4, 6545054),
(4, 6567778),
(4, 6585699),
(4, 6606529),
(4, 6639456),
(4, 6930656),
(4, 7020794),
(4, 7041177),
(4, 7062423),
(4, 7103112),
(4, 7107879),
(4, 7281782),
(4, 7299401),
(4, 7404723),
(4, 7433765),
(4, 7442779),
(4, 7473407),
(4, 7501008),
(4, 7634786),
(4, 7680407),
(4, 7697816),
(4, 7757949),
(4, 7826822),
(4, 7866790),
(4, 7911611),
(4, 8041847),
(4, 8059347),
(4, 8073153),
(4, 8095996),
(4, 8105517),
(4, 8146727),
(4, 8171896),
(4, 8185330),
(4, 8316239),
(4, 8429839),
(4, 8496054),
(4, 8507888),
(4, 8523770),
(4, 8575165),
(4, 8604770),
(4, 8652186),
(4, 8716834),
(4, 8750632),
(4, 8751561),
(4, 8759994),
(4, 8767144),
(4, 8791031),
(4, 8927354),
(4, 8965433),
(4, 8977281),
(4, 8992197),
(4, 9001669),
(4, 9041515),
(4, 9069303),
(4, 9095718),
(4, 9127370),
(4, 9130051),
(4, 9243832),
(4, 9295122),
(4, 9346903),
(4, 9358546),
(4, 9423562),
(4, 9474202),
(4, 9478616),
(4, 9502461),
(4, 9512427),
(4, 9523213),
(4, 9544107),
(4, 9607351),
(4, 9756033),
(4, 9875143),
(4, 9957437),
(5, 8549),
(5, 63567),
(5, 137207),
(5, 202597),
(5, 237886),
(5, 272826),
(5, 290857),
(5, 357857),
(5, 417458),
(5, 438412),
(5, 479877),
(5, 482248),
(5, 523868),
(5, 563209),
(5, 600282),
(5, 604172),
(5, 623741),
(5, 626733),
(5, 646776),
(5, 655193),
(5, 713112),
(5, 809376),
(5, 859039),
(5, 916028),
(5, 917222),
(5, 920340),
(5, 935040),
(5, 947398),
(5, 981307),
(5, 984487),
(5, 1053527),
(5, 1201122),
(5, 1205938),
(5, 1224721),
(5, 1247804),
(5, 1254494),
(5, 1331073),
(5, 1346722),
(5, 1363721),
(5, 1368666),
(5, 1374989),
(5, 1379036),
(5, 1487554),
(5, 1525822),
(5, 1554448),
(5, 1595216),
(5, 1597782),
(5, 1611299),
(5, 1624230),
(5, 1670162),
(5, 1672434),
(5, 1712073),
(5, 1718667),
(5, 1726660),
(5, 1740253),
(5, 1775223),
(5, 1803089),
(5, 1804583),
(5, 1805179),
(5, 1848527),
(5, 1870880),
(5, 1935728),
(5, 1945290),
(5, 2049169),
(5, 2133673),
(5, 2160363),
(5, 2248279),
(5, 2302047),
(5, 2310760),
(5, 2344186),
(5, 2349111),
(5, 2421683),
(5, 2465951),
(5, 2542494),
(5, 2566250),
(5, 2605146),
(5, 2678020),
(5, 2751239),
(5, 2840570),
(5, 2851927),
(5, 2865672),
(5, 2880610),
(5, 2880951),
(5, 2921196),
(5, 2956996),
(5, 2965053),
(5, 2974790),
(5, 3004832),
(5, 3020095),
(5, 3032177),
(5, 3061271),
(5, 3076799),
(5, 3081102),
(5, 3153186),
(5, 3173783),
(5, 3334565),
(5, 3349236),
(5, 3413930),
(5, 3513280),
(5, 3514355),
(5, 3520522),
(5, 3587133),
(5, 3594498),
(5, 3631622),
(5, 3643762),
(5, 3700218),
(5, 3727355),
(5, 3761194),
(5, 3806923),
(5, 3841239),
(5, 3959030),
(5, 4005499),
(5, 4031482),
(5, 4065062),
(5, 4085257),
(5, 4153803),
(5, 4243653),
(5, 4301425),
(5, 4306802),
(5, 4418511),
(5, 4500138),
(5, 4522049),
(5, 4603077),
(5, 4637335),
(5, 4659047),
(5, 4693326),
(5, 4820564),
(5, 4909973),
(5, 4961259),
(5, 4979528),
(5, 5028354),
(5, 5075889),
(5, 5094450),
(5, 5163276),
(5, 5186764),
(5, 5245451),
(5, 5336299),
(5, 5353281),
(5, 5453981),
(5, 5459448),
(5, 5465893),
(5, 5492672),
(5, 5598714),
(5, 5652090),
(5, 5688892),
(5, 5759068),
(5, 5784438),
(5, 5793017),
(5, 5897645),
(5, 5967269),
(5, 6048949),
(5, 6078226),
(5, 6109994),
(5, 6189393),
(5, 6218767),
(5, 6249859),
(5, 6261567),
(5, 6310696),
(5, 6359123),
(5, 6389830),
(5, 6405424),
(5, 6545054),
(5, 6567778),
(5, 6585699),
(5, 6606529),
(5, 6639456),
(5, 6930656),
(5, 7020794),
(5, 7041177),
(5, 7062423),
(5, 7103112),
(5, 7107879),
(5, 7281782),
(5, 7299401),
(5, 7404723),
(5, 7433765),
(5, 7442779),
(5, 7473407),
(5, 7501008),
(5, 7634786),
(5, 7680407),
(5, 7697816),
(5, 7757949),
(5, 7826822),
(5, 7866790),
(5, 7911611),
(5, 8041847),
(5, 8059347),
(5, 8073153),
(5, 8095996),
(5, 8105517),
(5, 8146727),
(5, 8171896),
(5, 8185330),
(5, 8316239),
(5, 8429839),
(5, 8496054),
(5, 8507888),
(5, 8523770),
(5, 8575165),
(5, 8604770),
(5, 8652186),
(5, 8716834),
(5, 8750632),
(5, 8751561),
(5, 8759994),
(5, 8767144),
(5, 8791031),
(5, 8927354),
(5, 8965433),
(5, 8977281),
(5, 8992197),
(5, 9001669),
(5, 9041515),
(5, 9069303),
(5, 9095718),
(5, 9127370),
(5, 9130051),
(5, 9243832),
(5, 9295122),
(5, 9346903),
(5, 9358546),
(5, 9423562),
(5, 9474202),
(5, 9478616),
(5, 9502461),
(5, 9512427),
(5, 9523213),
(5, 9544107),
(5, 9607351),
(5, 9756033),
(5, 9875143),
(5, 9957437),
(6, 8549),
(6, 63567),
(6, 137207),
(6, 202597),
(6, 237886),
(6, 272826),
(6, 290857),
(6, 357857),
(6, 417458),
(6, 438412),
(6, 479877),
(6, 482248),
(6, 523868),
(6, 563209),
(6, 600282),
(6, 604172),
(6, 623741),
(6, 626733),
(6, 646776),
(6, 655193),
(6, 713112),
(6, 809376),
(6, 859039),
(6, 916028),
(6, 917222),
(6, 920340),
(6, 935040),
(6, 947398),
(6, 981307),
(6, 984487),
(6, 1053527),
(6, 1201122),
(6, 1205938),
(6, 1224721),
(6, 1247804),
(6, 1254494),
(6, 1331073),
(6, 1346722),
(6, 1363721),
(6, 1368666),
(6, 1374989),
(6, 1379036),
(6, 1487554),
(6, 1525822),
(6, 1554448),
(6, 1595216),
(6, 1597782),
(6, 1611299),
(6, 1624230),
(6, 1670162),
(6, 1672434),
(6, 1712073),
(6, 1718667),
(6, 1726660),
(6, 1740253),
(6, 1775223),
(6, 1803089),
(6, 1804583),
(6, 1805179),
(6, 1848527),
(6, 1870880),
(6, 1935728),
(6, 1945290),
(6, 2049169),
(6, 2133673),
(6, 2160363),
(6, 2248279),
(6, 2302047),
(6, 2310760),
(6, 2344186),
(6, 2349111),
(6, 2421683),
(6, 2465951),
(6, 2542494),
(6, 2566250),
(6, 2605146),
(6, 2678020),
(6, 2751239),
(6, 2840570),
(6, 2851927),
(6, 2865672),
(6, 2880610),
(6, 2880951),
(6, 2921196),
(6, 2956996),
(6, 2965053),
(6, 2974790),
(6, 3004832),
(6, 3020095),
(6, 3032177),
(6, 3061271),
(6, 3076799),
(6, 3081102),
(6, 3153186),
(6, 3173783),
(6, 3334565),
(6, 3349236),
(6, 3413930),
(6, 3513280),
(6, 3514355),
(6, 3520522),
(6, 3587133),
(6, 3594498),
(6, 3631622),
(6, 3643762),
(6, 3700218),
(6, 3727355),
(6, 3761194),
(6, 3806923),
(6, 3841239),
(6, 3959030),
(6, 4005499),
(6, 4031482),
(6, 4065062),
(6, 4085257),
(6, 4153803),
(6, 4243653),
(6, 4301425),
(6, 4306802),
(6, 4418511),
(6, 4500138),
(6, 4522049),
(6, 4603077),
(6, 4637335),
(6, 4659047),
(6, 4693326),
(6, 4820564),
(6, 4909973),
(6, 4961259),
(6, 4979528),
(6, 5028354),
(6, 5075889),
(6, 5094450),
(6, 5163276),
(6, 5186764),
(6, 5245451),
(6, 5336299),
(6, 5353281),
(6, 5453981),
(6, 5459448),
(6, 5465893),
(6, 5492672),
(6, 5598714),
(6, 5652090),
(6, 5688892),
(6, 5759068),
(6, 5784438),
(6, 5793017),
(6, 5897645),
(6, 5967269),
(6, 6048949),
(6, 6078226),
(6, 6109994),
(6, 6189393),
(6, 6218767),
(6, 6249859),
(6, 6261567),
(6, 6310696),
(6, 6359123),
(6, 6389830),
(6, 6405424),
(6, 6545054),
(6, 6567778),
(6, 6585699),
(6, 6606529),
(6, 6639456),
(6, 6930656),
(6, 7020794),
(6, 7041177),
(6, 7062423),
(6, 7103112),
(6, 7107879),
(6, 7281782),
(6, 7299401),
(6, 7404723),
(6, 7433765),
(6, 7442779),
(6, 7473407),
(6, 7501008),
(6, 7634786),
(6, 7680407),
(6, 7697816),
(6, 7757949),
(6, 7826822),
(6, 7866790),
(6, 7911611),
(6, 8041847),
(6, 8059347),
(6, 8073153),
(6, 8095996),
(6, 8105517),
(6, 8146727),
(6, 8171896),
(6, 8185330),
(6, 8316239),
(6, 8429839),
(6, 8496054),
(6, 8507888),
(6, 8523770),
(6, 8575165),
(6, 8604770),
(6, 8652186),
(6, 8716834),
(6, 8750632),
(6, 8751561),
(6, 8759994),
(6, 8767144),
(6, 8791031),
(6, 8927354),
(6, 8965433),
(6, 8977281),
(6, 8992197),
(6, 9001669),
(6, 9041515),
(6, 9069303),
(6, 9095718),
(6, 9127370),
(6, 9130051),
(6, 9243832),
(6, 9295122),
(6, 9346903),
(6, 9358546),
(6, 9423562),
(6, 9474202),
(6, 9478616),
(6, 9502461),
(6, 9512427),
(6, 9523213),
(6, 9544107),
(6, 9607351),
(6, 9756033),
(6, 9875143),
(6, 9957437);

-- --------------------------------------------------------

--
-- Estructura de tabla para la tabla `casillas`
--

CREATE TABLE `casillas` (
  `id` int(11) NOT NULL,
  `nombre` varchar(255) COLLATE utf8mb4_unicode_ci DEFAULT NULL,
  `tipo` varchar(255) COLLATE utf8mb4_unicode_ci DEFAULT NULL
) ENGINE=InnoDB DEFAULT CHARSET=utf8mb4 COLLATE=utf8mb4_unicode_ci;

--
-- Volcado de datos para la tabla `casillas`
--

INSERT INTO `casillas` (`id`, `nombre`, `tipo`) VALUES
(1, 'inicio', 'inicio'),
(2, 'fuencarral', 'calle'),
(3, 'alberto_aguilera', 'calle'),
(4, 'suerte1', 'sorpresa'),
(5, 'glorieta_bilbao', 'calle'),
(6, 'injail', 'carcel'),
(7, 'calle_bailen', 'calle'),
(8, 'plaza_españa', 'calle'),
(9, 'puerta_del_sol', 'calle'),
(10, 'impuesto', 'impuesto'),
(11, 'parking', 'parking'),
(12, 'suerte2', 'sorpresa'),
(13, 'gran_via', 'calle'),
(14, 'paseo_de_la_castellana', 'calle'),
(15, 'paseo_del_prado', 'calle'),
(16, 've_carcel', 'irCarcel'),
(17, 'reyes_catolicos', 'calle'),
(18, 'cea_bermudez', 'calle'),
(19, 'maria_molina', 'calle'),
(20, 'avenida_america', 'calle');

-- --------------------------------------------------------

--
-- Estructura de tabla para la tabla `casillas_partida`
--

CREATE TABLE `casillas_partida` (
  `casillas_id` int(11) NOT NULL,
  `partida_id` int(11) NOT NULL
) ENGINE=InnoDB DEFAULT CHARSET=utf8mb4 COLLATE=utf8mb4_unicode_ci;

--
-- Volcado de datos para la tabla `casillas_partida`
--

INSERT INTO `casillas_partida` (`casillas_id`, `partida_id`) VALUES
(1, 8549),
(1, 63567),
(1, 137207),
(1, 202597),
(1, 237886),
(1, 272826),
(1, 290857),
(1, 357857),
(1, 417458),
(1, 438412),
(1, 479877),
(1, 482248),
(1, 523868),
(1, 563209),
(1, 600282),
(1, 604172),
(1, 623741),
(1, 626733),
(1, 646776),
(1, 655193),
(1, 713112),
(1, 809376),
(1, 859039),
(1, 916028),
(1, 917222),
(1, 920340),
(1, 935040),
(1, 947398),
(1, 981307),
(1, 984487),
(1, 1053527),
(1, 1201122),
(1, 1205938),
(1, 1224721),
(1, 1247804),
(1, 1254494),
(1, 1331073),
(1, 1346722),
(1, 1363721),
(1, 1368666),
(1, 1374989),
(1, 1379036),
(1, 1487554),
(1, 1525822),
(1, 1554448),
(1, 1595216),
(1, 1597782),
(1, 1611299),
(1, 1624230),
(1, 1670162),
(1, 1672434),
(1, 1712073),
(1, 1718667),
(1, 1726660),
(1, 1740253),
(1, 1775223),
(1, 1803089),
(1, 1804583),
(1, 1805179),
(1, 1848527),
(1, 1870880),
(1, 1935728),
(1, 1945290),
(1, 2049169),
(1, 2133673),
(1, 2160363),
(1, 2248279),
(1, 2302047),
(1, 2310760),
(1, 2344186),
(1, 2349111),
(1, 2421683),
(1, 2465951),
(1, 2542494),
(1, 2566250),
(1, 2605146),
(1, 2678020),
(1, 2751239),
(1, 2840570),
(1, 2851927),
(1, 2865672),
(1, 2880610),
(1, 2880951),
(1, 2921196),
(1, 2956996),
(1, 2965053),
(1, 2974790),
(1, 3004832),
(1, 3020095),
(1, 3032177),
(1, 3061271),
(1, 3076799),
(1, 3081102),
(1, 3153186),
(1, 3173783),
(1, 3334565),
(1, 3349236),
(1, 3413930),
(1, 3513280),
(1, 3514355),
(1, 3520522),
(1, 3587133),
(1, 3594498),
(1, 3631622),
(1, 3643762),
(1, 3700218),
(1, 3727355),
(1, 3761194),
(1, 3806923),
(1, 3841239),
(1, 3959030),
(1, 4005499),
(1, 4031482),
(1, 4065062),
(1, 4085257),
(1, 4153803),
(1, 4243653),
(1, 4301425),
(1, 4306802),
(1, 4418511),
(1, 4500138),
(1, 4522049),
(1, 4603077),
(1, 4637335),
(1, 4659047),
(1, 4693326),
(1, 4820564),
(1, 4909973),
(1, 4961259),
(1, 4979528),
(1, 5028354),
(1, 5075889),
(1, 5094450),
(1, 5163276),
(1, 5186764),
(1, 5245451),
(1, 5336299),
(1, 5353281),
(1, 5453981),
(1, 5459448),
(1, 5465893),
(1, 5492672),
(1, 5598714),
(1, 5652090),
(1, 5688892),
(1, 5759068),
(1, 5784438),
(1, 5793017),
(1, 5897645),
(1, 5967269),
(1, 6048949),
(1, 6078226),
(1, 6109994),
(1, 6189393),
(1, 6218767),
(1, 6249859),
(1, 6261567),
(1, 6310696),
(1, 6359123),
(1, 6389830),
(1, 6405424),
(1, 6545054),
(1, 6567778),
(1, 6585699),
(1, 6606529),
(1, 6639456),
(1, 6930656),
(1, 7020794),
(1, 7041177),
(1, 7062423),
(1, 7103112),
(1, 7107879),
(1, 7281782),
(1, 7299401),
(1, 7404723),
(1, 7433765),
(1, 7442779),
(1, 7473407),
(1, 7501008),
(1, 7634786),
(1, 7680407),
(1, 7697816),
(1, 7757949),
(1, 7826822),
(1, 7866790),
(1, 7911611),
(1, 8041847),
(1, 8059347),
(1, 8073153),
(1, 8095996),
(1, 8105517),
(1, 8146727),
(1, 8171896),
(1, 8185330),
(1, 8316239),
(1, 8429839),
(1, 8496054),
(1, 8507888),
(1, 8523770),
(1, 8575165),
(1, 8604770),
(1, 8652186),
(1, 8716834),
(1, 8750632),
(1, 8751561),
(1, 8759994),
(1, 8767144),
(1, 8791031),
(1, 8927354),
(1, 8965433),
(1, 8977281),
(1, 8992197),
(1, 9001669),
(1, 9041515),
(1, 9069303),
(1, 9095718),
(1, 9127370),
(1, 9130051),
(1, 9243832),
(1, 9295122),
(1, 9346903),
(1, 9358546),
(1, 9423562),
(1, 9474202),
(1, 9478616),
(1, 9502461),
(1, 9512427),
(1, 9523213),
(1, 9544107),
(1, 9607351),
(1, 9756033),
(1, 9875143),
(1, 9957437),
(2, 8549),
(2, 63567),
(2, 137207),
(2, 202597),
(2, 237886),
(2, 272826),
(2, 290857),
(2, 357857),
(2, 417458),
(2, 438412),
(2, 479877),
(2, 482248),
(2, 523868),
(2, 563209),
(2, 600282),
(2, 604172),
(2, 623741),
(2, 626733),
(2, 646776),
(2, 655193),
(2, 713112),
(2, 809376),
(2, 859039),
(2, 916028),
(2, 917222),
(2, 920340),
(2, 935040),
(2, 947398),
(2, 981307),
(2, 984487),
(2, 1053527),
(2, 1201122),
(2, 1205938),
(2, 1224721),
(2, 1247804),
(2, 1254494),
(2, 1331073),
(2, 1346722),
(2, 1363721),
(2, 1368666),
(2, 1374989),
(2, 1379036),
(2, 1487554),
(2, 1525822),
(2, 1554448),
(2, 1595216),
(2, 1597782),
(2, 1611299),
(2, 1624230),
(2, 1670162),
(2, 1672434),
(2, 1712073),
(2, 1718667),
(2, 1726660),
(2, 1740253),
(2, 1775223),
(2, 1803089),
(2, 1804583),
(2, 1805179),
(2, 1848527),
(2, 1870880),
(2, 1935728),
(2, 1945290),
(2, 2049169),
(2, 2133673),
(2, 2160363),
(2, 2248279),
(2, 2302047),
(2, 2310760),
(2, 2344186),
(2, 2349111),
(2, 2421683),
(2, 2465951),
(2, 2542494),
(2, 2566250),
(2, 2605146),
(2, 2678020),
(2, 2751239),
(2, 2840570),
(2, 2851927),
(2, 2865672),
(2, 2880610),
(2, 2880951),
(2, 2921196),
(2, 2956996),
(2, 2965053),
(2, 2974790),
(2, 3004832),
(2, 3020095),
(2, 3032177),
(2, 3061271),
(2, 3076799),
(2, 3081102),
(2, 3153186),
(2, 3173783),
(2, 3334565),
(2, 3349236),
(2, 3413930),
(2, 3513280),
(2, 3514355),
(2, 3520522),
(2, 3587133),
(2, 3594498),
(2, 3631622),
(2, 3643762),
(2, 3700218),
(2, 3727355),
(2, 3761194),
(2, 3806923),
(2, 3841239),
(2, 3959030),
(2, 4005499),
(2, 4031482),
(2, 4065062),
(2, 4085257),
(2, 4153803),
(2, 4243653),
(2, 4301425),
(2, 4306802),
(2, 4418511),
(2, 4500138),
(2, 4522049),
(2, 4603077),
(2, 4637335),
(2, 4659047),
(2, 4693326),
(2, 4820564),
(2, 4909973),
(2, 4961259),
(2, 4979528),
(2, 5028354),
(2, 5075889),
(2, 5094450),
(2, 5163276),
(2, 5186764),
(2, 5245451),
(2, 5336299),
(2, 5353281),
(2, 5453981),
(2, 5459448),
(2, 5465893),
(2, 5492672),
(2, 5598714),
(2, 5652090),
(2, 5688892),
(2, 5759068),
(2, 5784438),
(2, 5793017),
(2, 5897645),
(2, 5967269),
(2, 6048949),
(2, 6078226),
(2, 6109994),
(2, 6189393),
(2, 6218767),
(2, 6249859),
(2, 6261567),
(2, 6310696),
(2, 6359123),
(2, 6389830),
(2, 6405424),
(2, 6545054),
(2, 6567778),
(2, 6585699),
(2, 6606529),
(2, 6639456),
(2, 6930656),
(2, 7020794),
(2, 7041177),
(2, 7062423),
(2, 7103112),
(2, 7107879),
(2, 7281782),
(2, 7299401),
(2, 7404723),
(2, 7433765),
(2, 7442779),
(2, 7473407),
(2, 7501008),
(2, 7634786),
(2, 7680407),
(2, 7697816),
(2, 7757949),
(2, 7826822),
(2, 7866790),
(2, 7911611),
(2, 8041847),
(2, 8059347),
(2, 8073153),
(2, 8095996),
(2, 8105517),
(2, 8146727),
(2, 8171896),
(2, 8185330),
(2, 8316239),
(2, 8429839),
(2, 8496054),
(2, 8507888),
(2, 8523770),
(2, 8575165),
(2, 8604770),
(2, 8652186),
(2, 8716834),
(2, 8750632),
(2, 8751561),
(2, 8759994),
(2, 8767144),
(2, 8791031),
(2, 8927354),
(2, 8965433),
(2, 8977281),
(2, 8992197),
(2, 9001669),
(2, 9041515),
(2, 9069303),
(2, 9095718),
(2, 9127370),
(2, 9130051),
(2, 9243832),
(2, 9295122),
(2, 9346903),
(2, 9358546),
(2, 9423562),
(2, 9474202),
(2, 9478616),
(2, 9502461),
(2, 9512427),
(2, 9523213),
(2, 9544107),
(2, 9607351),
(2, 9756033),
(2, 9875143),
(2, 9957437),
(3, 8549),
(3, 63567),
(3, 137207),
(3, 202597),
(3, 237886),
(3, 272826),
(3, 290857),
(3, 357857),
(3, 417458),
(3, 438412),
(3, 479877),
(3, 482248),
(3, 523868),
(3, 563209),
(3, 600282),
(3, 604172),
(3, 623741),
(3, 626733),
(3, 646776),
(3, 655193),
(3, 713112),
(3, 809376),
(3, 859039),
(3, 916028),
(3, 917222),
(3, 920340),
(3, 935040),
(3, 947398),
(3, 981307),
(3, 984487),
(3, 1053527),
(3, 1201122),
(3, 1205938),
(3, 1224721),
(3, 1247804),
(3, 1254494),
(3, 1331073),
(3, 1346722),
(3, 1363721),
(3, 1368666),
(3, 1374989),
(3, 1379036),
(3, 1487554),
(3, 1525822),
(3, 1554448),
(3, 1595216),
(3, 1597782),
(3, 1611299),
(3, 1624230),
(3, 1670162),
(3, 1672434),
(3, 1712073),
(3, 1718667),
(3, 1726660),
(3, 1740253),
(3, 1775223),
(3, 1803089),
(3, 1804583),
(3, 1805179),
(3, 1848527),
(3, 1870880),
(3, 1935728),
(3, 1945290),
(3, 2049169),
(3, 2133673),
(3, 2160363),
(3, 2248279),
(3, 2302047),
(3, 2310760),
(3, 2344186),
(3, 2349111),
(3, 2421683),
(3, 2465951),
(3, 2542494),
(3, 2566250),
(3, 2605146),
(3, 2678020),
(3, 2751239),
(3, 2840570),
(3, 2851927),
(3, 2865672),
(3, 2880610),
(3, 2880951),
(3, 2921196),
(3, 2956996),
(3, 2965053),
(3, 2974790),
(3, 3004832),
(3, 3020095),
(3, 3032177),
(3, 3061271),
(3, 3076799),
(3, 3081102),
(3, 3153186),
(3, 3173783),
(3, 3334565),
(3, 3349236),
(3, 3413930),
(3, 3513280),
(3, 3514355),
(3, 3520522),
(3, 3587133),
(3, 3594498),
(3, 3631622),
(3, 3643762),
(3, 3700218),
(3, 3727355),
(3, 3761194),
(3, 3806923),
(3, 3841239),
(3, 3959030),
(3, 4005499),
(3, 4031482),
(3, 4065062),
(3, 4085257),
(3, 4153803),
(3, 4243653),
(3, 4301425),
(3, 4306802),
(3, 4418511),
(3, 4500138),
(3, 4522049),
(3, 4603077),
(3, 4637335),
(3, 4659047),
(3, 4693326),
(3, 4820564),
(3, 4909973),
(3, 4961259),
(3, 4979528),
(3, 5028354),
(3, 5075889),
(3, 5094450),
(3, 5163276),
(3, 5186764),
(3, 5245451),
(3, 5336299),
(3, 5353281),
(3, 5453981),
(3, 5459448),
(3, 5465893),
(3, 5492672),
(3, 5598714),
(3, 5652090),
(3, 5688892),
(3, 5759068),
(3, 5784438),
(3, 5793017),
(3, 5897645),
(3, 5967269),
(3, 6048949),
(3, 6078226),
(3, 6109994),
(3, 6189393),
(3, 6218767),
(3, 6249859),
(3, 6261567),
(3, 6310696),
(3, 6359123),
(3, 6389830),
(3, 6405424),
(3, 6545054),
(3, 6567778),
(3, 6585699),
(3, 6606529),
(3, 6639456),
(3, 6930656),
(3, 7020794),
(3, 7041177),
(3, 7062423),
(3, 7103112),
(3, 7107879),
(3, 7281782),
(3, 7299401),
(3, 7404723),
(3, 7433765),
(3, 7442779),
(3, 7473407),
(3, 7501008),
(3, 7634786),
(3, 7680407),
(3, 7697816),
(3, 7757949),
(3, 7826822),
(3, 7866790),
(3, 7911611),
(3, 8041847),
(3, 8059347),
(3, 8073153),
(3, 8095996),
(3, 8105517),
(3, 8146727),
(3, 8171896),
(3, 8185330),
(3, 8316239),
(3, 8429839),
(3, 8496054),
(3, 8507888),
(3, 8523770),
(3, 8575165),
(3, 8604770),
(3, 8652186),
(3, 8716834),
(3, 8750632),
(3, 8751561),
(3, 8759994),
(3, 8767144),
(3, 8791031),
(3, 8927354),
(3, 8965433),
(3, 8977281),
(3, 8992197),
(3, 9001669),
(3, 9041515),
(3, 9069303),
(3, 9095718),
(3, 9127370),
(3, 9130051),
(3, 9243832),
(3, 9295122),
(3, 9346903),
(3, 9358546),
(3, 9423562),
(3, 9474202),
(3, 9478616),
(3, 9502461),
(3, 9512427),
(3, 9523213),
(3, 9544107),
(3, 9607351),
(3, 9756033),
(3, 9875143),
(3, 9957437),
(4, 8549),
(4, 63567),
(4, 137207),
(4, 202597),
(4, 237886),
(4, 272826),
(4, 290857),
(4, 357857),
(4, 417458),
(4, 438412),
(4, 479877),
(4, 482248),
(4, 523868),
(4, 563209),
(4, 600282),
(4, 604172),
(4, 623741),
(4, 626733),
(4, 646776),
(4, 655193),
(4, 713112),
(4, 809376),
(4, 859039),
(4, 916028),
(4, 917222),
(4, 920340),
(4, 935040),
(4, 947398),
(4, 981307),
(4, 984487),
(4, 1053527),
(4, 1201122),
(4, 1205938),
(4, 1224721),
(4, 1247804),
(4, 1254494),
(4, 1331073),
(4, 1346722),
(4, 1363721),
(4, 1368666),
(4, 1374989),
(4, 1379036),
(4, 1487554),
(4, 1525822),
(4, 1554448),
(4, 1595216),
(4, 1597782),
(4, 1611299),
(4, 1624230),
(4, 1670162),
(4, 1672434),
(4, 1712073),
(4, 1718667),
(4, 1726660),
(4, 1740253),
(4, 1775223),
(4, 1803089),
(4, 1804583),
(4, 1805179),
(4, 1848527),
(4, 1870880),
(4, 1935728),
(4, 1945290),
(4, 2049169),
(4, 2133673),
(4, 2160363),
(4, 2248279),
(4, 2302047),
(4, 2310760),
(4, 2344186),
(4, 2349111),
(4, 2421683),
(4, 2465951),
(4, 2542494),
(4, 2566250),
(4, 2605146),
(4, 2678020),
(4, 2751239),
(4, 2840570),
(4, 2851927),
(4, 2865672),
(4, 2880610),
(4, 2880951),
(4, 2921196),
(4, 2956996),
(4, 2965053),
(4, 2974790),
(4, 3004832),
(4, 3020095),
(4, 3032177),
(4, 3061271),
(4, 3076799),
(4, 3081102),
(4, 3153186),
(4, 3173783),
(4, 3334565),
(4, 3349236),
(4, 3413930),
(4, 3513280),
(4, 3514355),
(4, 3520522),
(4, 3587133),
(4, 3594498),
(4, 3631622),
(4, 3643762),
(4, 3700218),
(4, 3727355),
(4, 3761194),
(4, 3806923),
(4, 3841239),
(4, 3959030),
(4, 4005499),
(4, 4031482),
(4, 4065062),
(4, 4085257),
(4, 4153803),
(4, 4243653),
(4, 4301425),
(4, 4306802),
(4, 4418511),
(4, 4500138),
(4, 4522049),
(4, 4603077),
(4, 4637335),
(4, 4659047),
(4, 4693326),
(4, 4820564),
(4, 4909973),
(4, 4961259),
(4, 4979528),
(4, 5028354),
(4, 5075889),
(4, 5094450),
(4, 5163276),
(4, 5186764),
(4, 5245451),
(4, 5336299),
(4, 5353281),
(4, 5453981),
(4, 5459448),
(4, 5465893),
(4, 5492672),
(4, 5598714),
(4, 5652090),
(4, 5688892),
(4, 5759068),
(4, 5784438),
(4, 5793017),
(4, 5897645),
(4, 5967269),
(4, 6048949),
(4, 6078226),
(4, 6109994),
(4, 6189393),
(4, 6218767),
(4, 6249859),
(4, 6261567),
(4, 6310696),
(4, 6359123),
(4, 6389830),
(4, 6405424),
(4, 6545054),
(4, 6567778),
(4, 6585699),
(4, 6606529),
(4, 6639456),
(4, 6930656),
(4, 7020794),
(4, 7041177),
(4, 7062423),
(4, 7103112),
(4, 7107879),
(4, 7281782),
(4, 7299401),
(4, 7404723),
(4, 7433765),
(4, 7442779),
(4, 7473407),
(4, 7501008),
(4, 7634786),
(4, 7680407),
(4, 7697816),
(4, 7757949),
(4, 7826822),
(4, 7866790),
(4, 7911611),
(4, 8041847),
(4, 8059347),
(4, 8073153),
(4, 8095996),
(4, 8105517),
(4, 8146727),
(4, 8171896),
(4, 8185330),
(4, 8316239),
(4, 8429839),
(4, 8496054),
(4, 8507888),
(4, 8523770),
(4, 8575165),
(4, 8604770),
(4, 8652186),
(4, 8716834),
(4, 8750632),
(4, 8751561),
(4, 8759994),
(4, 8767144),
(4, 8791031),
(4, 8927354),
(4, 8965433),
(4, 8977281),
(4, 8992197),
(4, 9001669),
(4, 9041515),
(4, 9069303),
(4, 9095718),
(4, 9127370),
(4, 9130051),
(4, 9243832),
(4, 9295122),
(4, 9346903),
(4, 9358546),
(4, 9423562),
(4, 9474202),
(4, 9478616),
(4, 9502461),
(4, 9512427),
(4, 9523213),
(4, 9544107),
(4, 9607351),
(4, 9756033),
(4, 9875143),
(4, 9957437),
(5, 8549),
(5, 63567),
(5, 137207),
(5, 202597),
(5, 237886),
(5, 272826),
(5, 290857),
(5, 357857),
(5, 417458),
(5, 438412),
(5, 479877),
(5, 482248),
(5, 523868),
(5, 563209),
(5, 600282),
(5, 604172),
(5, 623741),
(5, 626733),
(5, 646776),
(5, 655193),
(5, 713112),
(5, 809376),
(5, 859039),
(5, 916028),
(5, 917222),
(5, 920340),
(5, 935040),
(5, 947398),
(5, 981307),
(5, 984487),
(5, 1053527),
(5, 1201122),
(5, 1205938),
(5, 1224721),
(5, 1247804),
(5, 1254494),
(5, 1331073),
(5, 1346722),
(5, 1363721),
(5, 1368666),
(5, 1374989),
(5, 1379036),
(5, 1487554),
(5, 1525822),
(5, 1554448),
(5, 1595216),
(5, 1597782),
(5, 1611299),
(5, 1624230),
(5, 1670162),
(5, 1672434),
(5, 1712073),
(5, 1718667),
(5, 1726660),
(5, 1740253),
(5, 1775223),
(5, 1803089),
(5, 1804583),
(5, 1805179),
(5, 1848527),
(5, 1870880),
(5, 1935728),
(5, 1945290),
(5, 2049169),
(5, 2133673),
(5, 2160363),
(5, 2248279),
(5, 2302047),
(5, 2310760),
(5, 2344186),
(5, 2349111),
(5, 2421683),
(5, 2465951),
(5, 2542494),
(5, 2566250),
(5, 2605146),
(5, 2678020),
(5, 2751239),
(5, 2840570),
(5, 2851927),
(5, 2865672),
(5, 2880610),
(5, 2880951),
(5, 2921196),
(5, 2956996),
(5, 2965053),
(5, 2974790),
(5, 3004832),
(5, 3020095),
(5, 3032177),
(5, 3061271),
(5, 3076799),
(5, 3081102),
(5, 3153186),
(5, 3173783),
(5, 3334565),
(5, 3349236),
(5, 3413930),
(5, 3513280),
(5, 3514355),
(5, 3520522),
(5, 3587133),
(5, 3594498),
(5, 3631622),
(5, 3643762),
(5, 3700218),
(5, 3727355),
(5, 3761194),
(5, 3806923),
(5, 3841239),
(5, 3959030),
(5, 4005499),
(5, 4031482),
(5, 4065062),
(5, 4085257),
(5, 4153803),
(5, 4243653),
(5, 4301425),
(5, 4306802),
(5, 4418511),
(5, 4500138),
(5, 4522049),
(5, 4603077),
(5, 4637335),
(5, 4659047),
(5, 4693326),
(5, 4820564),
(5, 4909973),
(5, 4961259),
(5, 4979528),
(5, 5028354),
(5, 5075889),
(5, 5094450),
(5, 5163276),
(5, 5186764),
(5, 5245451),
(5, 5336299),
(5, 5353281),
(5, 5453981),
(5, 5459448),
(5, 5465893),
(5, 5492672),
(5, 5598714),
(5, 5652090),
(5, 5688892),
(5, 5759068),
(5, 5784438),
(5, 5793017),
(5, 5897645),
(5, 5967269),
(5, 6048949),
(5, 6078226),
(5, 6109994),
(5, 6189393),
(5, 6218767),
(5, 6249859),
(5, 6261567),
(5, 6310696),
(5, 6359123),
(5, 6389830),
(5, 6405424),
(5, 6545054),
(5, 6567778),
(5, 6585699),
(5, 6606529),
(5, 6639456),
(5, 6930656),
(5, 7020794),
(5, 7041177),
(5, 7062423),
(5, 7103112),
(5, 7107879),
(5, 7281782),
(5, 7299401),
(5, 7404723),
(5, 7433765),
(5, 7442779),
(5, 7473407),
(5, 7501008),
(5, 7634786),
(5, 7680407),
(5, 7697816),
(5, 7757949),
(5, 7826822),
(5, 7866790),
(5, 7911611),
(5, 8041847),
(5, 8059347),
(5, 8073153),
(5, 8095996),
(5, 8105517),
(5, 8146727),
(5, 8171896),
(5, 8185330),
(5, 8316239),
(5, 8429839),
(5, 8496054),
(5, 8507888),
(5, 8523770),
(5, 8575165),
(5, 8604770),
(5, 8652186),
(5, 8716834),
(5, 8750632),
(5, 8751561),
(5, 8759994),
(5, 8767144),
(5, 8791031),
(5, 8927354),
(5, 8965433),
(5, 8977281),
(5, 8992197),
(5, 9001669),
(5, 9041515),
(5, 9069303),
(5, 9095718),
(5, 9127370),
(5, 9130051),
(5, 9243832),
(5, 9295122),
(5, 9346903),
(5, 9358546),
(5, 9423562),
(5, 9474202),
(5, 9478616),
(5, 9502461),
(5, 9512427),
(5, 9523213),
(5, 9544107),
(5, 9607351),
(5, 9756033),
(5, 9875143),
(5, 9957437),
(6, 8549),
(6, 63567),
(6, 137207),
(6, 202597),
(6, 237886),
(6, 272826),
(6, 290857),
(6, 357857),
(6, 417458),
(6, 438412),
(6, 479877),
(6, 482248),
(6, 523868),
(6, 563209),
(6, 600282),
(6, 604172),
(6, 623741),
(6, 626733),
(6, 646776),
(6, 655193),
(6, 713112),
(6, 809376),
(6, 859039),
(6, 916028),
(6, 917222),
(6, 920340),
(6, 935040),
(6, 947398),
(6, 981307),
(6, 984487),
(6, 1053527),
(6, 1201122),
(6, 1205938),
(6, 1224721),
(6, 1247804),
(6, 1254494),
(6, 1331073),
(6, 1346722),
(6, 1363721),
(6, 1368666),
(6, 1374989),
(6, 1379036),
(6, 1487554),
(6, 1525822),
(6, 1554448),
(6, 1595216),
(6, 1597782),
(6, 1611299),
(6, 1624230),
(6, 1670162),
(6, 1672434),
(6, 1712073),
(6, 1718667),
(6, 1726660),
(6, 1740253),
(6, 1775223),
(6, 1803089),
(6, 1804583),
(6, 1805179),
(6, 1848527),
(6, 1870880),
(6, 1935728),
(6, 1945290),
(6, 2049169),
(6, 2133673),
(6, 2160363),
(6, 2248279),
(6, 2302047),
(6, 2310760),
(6, 2344186),
(6, 2349111),
(6, 2421683),
(6, 2465951),
(6, 2542494),
(6, 2566250),
(6, 2605146),
(6, 2678020),
(6, 2751239),
(6, 2840570),
(6, 2851927),
(6, 2865672),
(6, 2880610),
(6, 2880951),
(6, 2921196),
(6, 2956996),
(6, 2965053),
(6, 2974790),
(6, 3004832),
(6, 3020095),
(6, 3032177),
(6, 3061271),
(6, 3076799),
(6, 3081102),
(6, 3153186),
(6, 3173783),
(6, 3334565),
(6, 3349236),
(6, 3413930),
(6, 3513280),
(6, 3514355),
(6, 3520522),
(6, 3587133),
(6, 3594498),
(6, 3631622),
(6, 3643762),
(6, 3700218),
(6, 3727355),
(6, 3761194),
(6, 3806923),
(6, 3841239),
(6, 3959030),
(6, 4005499),
(6, 4031482),
(6, 4065062),
(6, 4085257),
(6, 4153803),
(6, 4243653),
(6, 4301425),
(6, 4306802),
(6, 4418511),
(6, 4500138),
(6, 4522049),
(6, 4603077),
(6, 4637335),
(6, 4659047),
(6, 4693326),
(6, 4820564),
(6, 4909973),
(6, 4961259),
(6, 4979528),
(6, 5028354),
(6, 5075889),
(6, 5094450),
(6, 5163276),
(6, 5186764),
(6, 5245451),
(6, 5336299),
(6, 5353281),
(6, 5453981),
(6, 5459448),
(6, 5465893),
(6, 5492672),
(6, 5598714),
(6, 5652090),
(6, 5688892),
(6, 5759068),
(6, 5784438),
(6, 5793017),
(6, 5897645),
(6, 5967269),
(6, 6048949),
(6, 6078226),
(6, 6109994),
(6, 6189393),
(6, 6218767),
(6, 6249859),
(6, 6261567),
(6, 6310696),
(6, 6359123),
(6, 6389830),
(6, 6405424),
(6, 6545054),
(6, 6567778),
(6, 6585699),
(6, 6606529),
(6, 6639456),
(6, 6930656),
(6, 7020794),
(6, 7041177),
(6, 7062423),
(6, 7103112),
(6, 7107879),
(6, 7281782),
(6, 7299401),
(6, 7404723),
(6, 7433765),
(6, 7442779),
(6, 7473407),
(6, 7501008),
(6, 7634786),
(6, 7680407),
(6, 7697816),
(6, 7757949),
(6, 7826822),
(6, 7866790),
(6, 7911611),
(6, 8041847),
(6, 8059347),
(6, 8073153),
(6, 8095996),
(6, 8105517),
(6, 8146727),
(6, 8171896),
(6, 8185330),
(6, 8316239),
(6, 8429839),
(6, 8496054),
(6, 8507888),
(6, 8523770),
(6, 8575165),
(6, 8604770),
(6, 8652186),
(6, 8716834),
(6, 8750632),
(6, 8751561),
(6, 8759994),
(6, 8767144),
(6, 8791031),
(6, 8927354),
(6, 8965433),
(6, 8977281),
(6, 8992197),
(6, 9001669),
(6, 9041515),
(6, 9069303),
(6, 9095718),
(6, 9127370),
(6, 9130051),
(6, 9243832),
(6, 9295122),
(6, 9346903),
(6, 9358546),
(6, 9423562),
(6, 9474202),
(6, 9478616),
(6, 9502461),
(6, 9512427),
(6, 9523213),
(6, 9544107),
(6, 9607351),
(6, 9756033),
(6, 9875143),
(6, 9957437),
(7, 8549),
(7, 63567),
(7, 137207),
(7, 202597),
(7, 237886),
(7, 272826),
(7, 290857),
(7, 357857),
(7, 417458),
(7, 438412),
(7, 479877),
(7, 482248),
(7, 523868),
(7, 563209),
(7, 600282),
(7, 604172),
(7, 623741),
(7, 626733),
(7, 646776),
(7, 655193),
(7, 713112),
(7, 809376),
(7, 859039),
(7, 916028),
(7, 917222),
(7, 920340),
(7, 935040),
(7, 947398),
(7, 981307),
(7, 984487),
(7, 1053527),
(7, 1201122),
(7, 1205938),
(7, 1224721),
(7, 1247804),
(7, 1254494),
(7, 1331073),
(7, 1346722),
(7, 1363721),
(7, 1368666),
(7, 1374989),
(7, 1379036),
(7, 1487554),
(7, 1525822),
(7, 1554448),
(7, 1595216),
(7, 1597782),
(7, 1611299),
(7, 1624230),
(7, 1670162),
(7, 1672434),
(7, 1712073),
(7, 1718667),
(7, 1726660),
(7, 1740253),
(7, 1775223),
(7, 1803089),
(7, 1804583),
(7, 1805179),
(7, 1848527),
(7, 1870880),
(7, 1935728),
(7, 1945290),
(7, 2049169),
(7, 2133673),
(7, 2160363),
(7, 2248279),
(7, 2302047),
(7, 2310760),
(7, 2344186),
(7, 2349111),
(7, 2421683),
(7, 2465951),
(7, 2542494),
(7, 2566250),
(7, 2605146),
(7, 2678020),
(7, 2751239),
(7, 2840570),
(7, 2851927),
(7, 2865672),
(7, 2880610),
(7, 2880951),
(7, 2921196),
(7, 2956996),
(7, 2965053),
(7, 2974790),
(7, 3004832),
(7, 3020095),
(7, 3032177),
(7, 3061271),
(7, 3076799),
(7, 3081102),
(7, 3153186),
(7, 3173783),
(7, 3334565),
(7, 3349236),
(7, 3413930),
(7, 3513280),
(7, 3514355),
(7, 3520522),
(7, 3587133),
(7, 3594498),
(7, 3631622),
(7, 3643762),
(7, 3700218),
(7, 3727355),
(7, 3761194),
(7, 3806923),
(7, 3841239),
(7, 3959030),
(7, 4005499),
(7, 4031482),
(7, 4065062),
(7, 4085257),
(7, 4153803),
(7, 4243653),
(7, 4301425),
(7, 4306802),
(7, 4418511),
(7, 4500138),
(7, 4522049),
(7, 4603077),
(7, 4637335),
(7, 4659047),
(7, 4693326),
(7, 4820564),
(7, 4909973),
(7, 4961259),
(7, 4979528),
(7, 5028354),
(7, 5075889),
(7, 5094450),
(7, 5163276),
(7, 5186764),
(7, 5245451),
(7, 5336299),
(7, 5353281),
(7, 5453981),
(7, 5459448),
(7, 5465893),
(7, 5492672),
(7, 5598714),
(7, 5652090),
(7, 5688892),
(7, 5759068),
(7, 5784438),
(7, 5793017),
(7, 5897645),
(7, 5967269),
(7, 6048949),
(7, 6078226),
(7, 6109994),
(7, 6189393),
(7, 6218767),
(7, 6249859),
(7, 6261567),
(7, 6310696),
(7, 6359123),
(7, 6389830),
(7, 6405424),
(7, 6545054),
(7, 6567778),
(7, 6585699),
(7, 6606529),
(7, 6639456),
(7, 6930656),
(7, 7020794),
(7, 7041177),
(7, 7062423),
(7, 7103112),
(7, 7107879),
(7, 7281782),
(7, 7299401),
(7, 7404723),
(7, 7433765),
(7, 7442779),
(7, 7473407),
(7, 7501008),
(7, 7634786),
(7, 7680407),
(7, 7697816),
(7, 7757949),
(7, 7826822),
(7, 7866790),
(7, 7911611),
(7, 8041847),
(7, 8059347),
(7, 8073153),
(7, 8095996),
(7, 8105517),
(7, 8146727),
(7, 8171896),
(7, 8185330),
(7, 8316239),
(7, 8429839),
(7, 8496054),
(7, 8507888),
(7, 8523770),
(7, 8575165),
(7, 8604770),
(7, 8652186),
(7, 8716834),
(7, 8750632),
(7, 8751561),
(7, 8759994),
(7, 8767144),
(7, 8791031),
(7, 8927354),
(7, 8965433),
(7, 8977281),
(7, 8992197),
(7, 9001669),
(7, 9041515),
(7, 9069303),
(7, 9095718),
(7, 9127370),
(7, 9130051),
(7, 9243832),
(7, 9295122),
(7, 9346903),
(7, 9358546),
(7, 9423562),
(7, 9474202),
(7, 9478616),
(7, 9502461),
(7, 9512427),
(7, 9523213),
(7, 9544107),
(7, 9607351),
(7, 9756033),
(7, 9875143),
(7, 9957437),
(8, 8549),
(8, 63567),
(8, 137207),
(8, 202597),
(8, 237886),
(8, 272826),
(8, 290857),
(8, 357857),
(8, 417458),
(8, 438412),
(8, 479877),
(8, 482248),
(8, 523868),
(8, 563209),
(8, 600282),
(8, 604172),
(8, 623741),
(8, 626733),
(8, 646776),
(8, 655193),
(8, 713112),
(8, 809376),
(8, 859039),
(8, 916028),
(8, 917222),
(8, 920340),
(8, 935040),
(8, 947398),
(8, 981307),
(8, 984487),
(8, 1053527),
(8, 1201122),
(8, 1205938),
(8, 1224721),
(8, 1247804),
(8, 1254494),
(8, 1331073),
(8, 1346722),
(8, 1363721),
(8, 1368666),
(8, 1374989),
(8, 1379036),
(8, 1487554),
(8, 1525822),
(8, 1554448),
(8, 1595216),
(8, 1597782),
(8, 1611299),
(8, 1624230),
(8, 1670162),
(8, 1672434),
(8, 1712073),
(8, 1718667),
(8, 1726660),
(8, 1740253),
(8, 1775223),
(8, 1803089),
(8, 1804583),
(8, 1805179),
(8, 1848527),
(8, 1870880),
(8, 1935728),
(8, 1945290),
(8, 2049169),
(8, 2133673),
(8, 2160363),
(8, 2248279),
(8, 2302047),
(8, 2310760),
(8, 2344186),
(8, 2349111),
(8, 2421683),
(8, 2465951),
(8, 2542494),
(8, 2566250),
(8, 2605146),
(8, 2678020),
(8, 2751239),
(8, 2840570),
(8, 2851927),
(8, 2865672),
(8, 2880610),
(8, 2880951),
(8, 2921196),
(8, 2956996),
(8, 2965053),
(8, 2974790),
(8, 3004832),
(8, 3020095),
(8, 3032177),
(8, 3061271),
(8, 3076799),
(8, 3081102),
(8, 3153186),
(8, 3173783),
(8, 3334565),
(8, 3349236),
(8, 3413930),
(8, 3513280),
(8, 3514355),
(8, 3520522),
(8, 3587133),
(8, 3594498),
(8, 3631622),
(8, 3643762),
(8, 3700218),
(8, 3727355),
(8, 3761194),
(8, 3806923),
(8, 3841239),
(8, 3959030),
(8, 4005499),
(8, 4031482),
(8, 4065062),
(8, 4085257),
(8, 4153803),
(8, 4243653),
(8, 4301425),
(8, 4306802),
(8, 4418511),
(8, 4500138),
(8, 4522049),
(8, 4603077),
(8, 4637335),
(8, 4659047),
(8, 4693326),
(8, 4820564),
(8, 4909973),
(8, 4961259),
(8, 4979528),
(8, 5028354),
(8, 5075889),
(8, 5094450),
(8, 5163276),
(8, 5186764),
(8, 5245451),
(8, 5336299),
(8, 5353281),
(8, 5453981),
(8, 5459448),
(8, 5465893),
(8, 5492672),
(8, 5598714),
(8, 5652090),
(8, 5688892),
(8, 5759068),
(8, 5784438),
(8, 5793017),
(8, 5897645),
(8, 5967269),
(8, 6048949),
(8, 6078226),
(8, 6109994),
(8, 6189393),
(8, 6218767),
(8, 6249859),
(8, 6261567),
(8, 6310696),
(8, 6359123),
(8, 6389830),
(8, 6405424),
(8, 6545054),
(8, 6567778),
(8, 6585699),
(8, 6606529),
(8, 6639456),
(8, 6930656),
(8, 7020794),
(8, 7041177),
(8, 7062423),
(8, 7103112),
(8, 7107879),
(8, 7281782),
(8, 7299401),
(8, 7404723),
(8, 7433765),
(8, 7442779),
(8, 7473407),
(8, 7501008),
(8, 7634786),
(8, 7680407),
(8, 7697816),
(8, 7757949),
(8, 7826822),
(8, 7866790),
(8, 7911611),
(8, 8041847),
(8, 8059347),
(8, 8073153),
(8, 8095996),
(8, 8105517),
(8, 8146727),
(8, 8171896),
(8, 8185330),
(8, 8316239),
(8, 8429839),
(8, 8496054),
(8, 8507888),
(8, 8523770),
(8, 8575165),
(8, 8604770),
(8, 8652186),
(8, 8716834),
(8, 8750632),
(8, 8751561),
(8, 8759994),
(8, 8767144),
(8, 8791031),
(8, 8927354),
(8, 8965433),
(8, 8977281),
(8, 8992197),
(8, 9001669),
(8, 9041515),
(8, 9069303),
(8, 9095718),
(8, 9127370),
(8, 9130051),
(8, 9243832),
(8, 9295122),
(8, 9346903),
(8, 9358546),
(8, 9423562),
(8, 9474202),
(8, 9478616),
(8, 9502461),
(8, 9512427),
(8, 9523213),
(8, 9544107),
(8, 9607351),
(8, 9756033),
(8, 9875143),
(8, 9957437),
(9, 8549),
(9, 63567),
(9, 137207),
(9, 202597),
(9, 237886),
(9, 272826),
(9, 290857),
(9, 357857),
(9, 417458),
(9, 438412),
(9, 479877),
(9, 482248),
(9, 523868),
(9, 563209),
(9, 600282),
(9, 604172),
(9, 623741),
(9, 626733),
(9, 646776),
(9, 655193),
(9, 713112),
(9, 809376),
(9, 859039),
(9, 916028),
(9, 917222),
(9, 920340),
(9, 935040),
(9, 947398),
(9, 981307),
(9, 984487),
(9, 1053527),
(9, 1201122),
(9, 1205938),
(9, 1224721),
(9, 1247804),
(9, 1254494),
(9, 1331073),
(9, 1346722),
(9, 1363721),
(9, 1368666),
(9, 1374989),
(9, 1379036),
(9, 1487554),
(9, 1525822),
(9, 1554448),
(9, 1595216),
(9, 1597782),
(9, 1611299),
(9, 1624230),
(9, 1670162),
(9, 1672434),
(9, 1712073),
(9, 1718667),
(9, 1726660),
(9, 1740253),
(9, 1775223),
(9, 1803089),
(9, 1804583),
(9, 1805179),
(9, 1848527),
(9, 1870880),
(9, 1935728),
(9, 1945290),
(9, 2049169),
(9, 2133673),
(9, 2160363),
(9, 2248279),
(9, 2302047),
(9, 2310760),
(9, 2344186),
(9, 2349111),
(9, 2421683),
(9, 2465951),
(9, 2542494),
(9, 2566250),
(9, 2605146),
(9, 2678020),
(9, 2751239),
(9, 2840570),
(9, 2851927),
(9, 2865672),
(9, 2880610),
(9, 2880951),
(9, 2921196),
(9, 2956996),
(9, 2965053),
(9, 2974790),
(9, 3004832),
(9, 3020095),
(9, 3032177),
(9, 3061271),
(9, 3076799),
(9, 3081102),
(9, 3153186),
(9, 3173783),
(9, 3334565),
(9, 3349236),
(9, 3413930),
(9, 3513280),
(9, 3514355),
(9, 3520522),
(9, 3587133),
(9, 3594498),
(9, 3631622),
(9, 3643762),
(9, 3700218),
(9, 3727355),
(9, 3761194),
(9, 3806923),
(9, 3841239),
(9, 3959030),
(9, 4005499),
(9, 4031482),
(9, 4065062),
(9, 4085257),
(9, 4153803),
(9, 4243653),
(9, 4301425),
(9, 4306802),
(9, 4418511),
(9, 4500138),
(9, 4522049),
(9, 4603077),
(9, 4637335),
(9, 4659047),
(9, 4693326),
(9, 4820564),
(9, 4909973),
(9, 4961259),
(9, 4979528),
(9, 5028354),
(9, 5075889),
(9, 5094450),
(9, 5163276),
(9, 5186764),
(9, 5245451),
(9, 5336299),
(9, 5353281),
(9, 5453981),
(9, 5459448),
(9, 5465893),
(9, 5492672),
(9, 5598714),
(9, 5652090),
(9, 5688892),
(9, 5759068),
(9, 5784438),
(9, 5793017),
(9, 5897645),
(9, 5967269),
(9, 6048949),
(9, 6078226),
(9, 6109994),
(9, 6189393),
(9, 6218767),
(9, 6249859),
(9, 6261567),
(9, 6310696),
(9, 6359123),
(9, 6389830),
(9, 6405424),
(9, 6545054),
(9, 6567778),
(9, 6585699),
(9, 6606529),
(9, 6639456),
(9, 6930656),
(9, 7020794),
(9, 7041177),
(9, 7062423),
(9, 7103112),
(9, 7107879),
(9, 7281782),
(9, 7299401),
(9, 7404723),
(9, 7433765),
(9, 7442779),
(9, 7473407),
(9, 7501008),
(9, 7634786),
(9, 7680407),
(9, 7697816),
(9, 7757949),
(9, 7826822),
(9, 7866790),
(9, 7911611),
(9, 8041847),
(9, 8059347),
(9, 8073153),
(9, 8095996),
(9, 8105517),
(9, 8146727),
(9, 8171896),
(9, 8185330),
(9, 8316239),
(9, 8429839),
(9, 8496054),
(9, 8507888),
(9, 8523770),
(9, 8575165),
(9, 8604770),
(9, 8652186),
(9, 8716834),
(9, 8750632),
(9, 8751561),
(9, 8759994),
(9, 8767144),
(9, 8791031),
(9, 8927354),
(9, 8965433),
(9, 8977281),
(9, 8992197),
(9, 9001669),
(9, 9041515),
(9, 9069303),
(9, 9095718),
(9, 9127370),
(9, 9130051),
(9, 9243832),
(9, 9295122),
(9, 9346903),
(9, 9358546),
(9, 9423562),
(9, 9474202),
(9, 9478616),
(9, 9502461),
(9, 9512427),
(9, 9523213),
(9, 9544107),
(9, 9607351),
(9, 9756033),
(9, 9875143),
(9, 9957437),
(10, 8549),
(10, 63567),
(10, 137207),
(10, 202597),
(10, 237886),
(10, 272826),
(10, 290857),
(10, 357857),
(10, 417458),
(10, 438412),
(10, 479877),
(10, 482248),
(10, 523868),
(10, 563209),
(10, 600282),
(10, 604172),
(10, 623741),
(10, 626733),
(10, 646776),
(10, 655193),
(10, 713112),
(10, 809376),
(10, 859039),
(10, 916028),
(10, 917222),
(10, 920340),
(10, 935040),
(10, 947398),
(10, 981307),
(10, 984487),
(10, 1053527),
(10, 1201122),
(10, 1205938),
(10, 1224721),
(10, 1247804),
(10, 1254494),
(10, 1331073),
(10, 1346722),
(10, 1363721),
(10, 1368666),
(10, 1374989),
(10, 1379036),
(10, 1487554),
(10, 1525822),
(10, 1554448),
(10, 1595216),
(10, 1597782),
(10, 1611299),
(10, 1624230),
(10, 1670162),
(10, 1672434),
(10, 1712073),
(10, 1718667),
(10, 1726660),
(10, 1740253),
(10, 1775223),
(10, 1803089),
(10, 1804583),
(10, 1805179),
(10, 1848527),
(10, 1870880),
(10, 1935728),
(10, 1945290),
(10, 2049169),
(10, 2133673),
(10, 2160363),
(10, 2248279),
(10, 2302047),
(10, 2310760),
(10, 2344186),
(10, 2349111),
(10, 2421683),
(10, 2465951),
(10, 2542494),
(10, 2566250),
(10, 2605146),
(10, 2678020),
(10, 2751239),
(10, 2840570),
(10, 2851927),
(10, 2865672),
(10, 2880610),
(10, 2880951),
(10, 2921196),
(10, 2956996),
(10, 2965053),
(10, 2974790),
(10, 3004832),
(10, 3020095),
(10, 3032177),
(10, 3061271),
(10, 3076799),
(10, 3081102),
(10, 3153186),
(10, 3173783),
(10, 3334565),
(10, 3349236),
(10, 3413930),
(10, 3513280),
(10, 3514355),
(10, 3520522),
(10, 3587133),
(10, 3594498),
(10, 3631622),
(10, 3643762),
(10, 3700218),
(10, 3727355),
(10, 3761194),
(10, 3806923),
(10, 3841239),
(10, 3959030),
(10, 4005499),
(10, 4031482),
(10, 4065062),
(10, 4085257),
(10, 4153803),
(10, 4243653),
(10, 4301425),
(10, 4306802),
(10, 4418511),
(10, 4500138),
(10, 4522049),
(10, 4603077),
(10, 4637335),
(10, 4659047),
(10, 4693326),
(10, 4820564),
(10, 4909973),
(10, 4961259),
(10, 4979528),
(10, 5028354),
(10, 5075889),
(10, 5094450),
(10, 5163276),
(10, 5186764),
(10, 5245451),
(10, 5336299),
(10, 5353281),
(10, 5453981),
(10, 5459448),
(10, 5465893),
(10, 5492672),
(10, 5598714),
(10, 5652090),
(10, 5688892),
(10, 5759068),
(10, 5784438),
(10, 5793017),
(10, 5897645),
(10, 5967269),
(10, 6048949),
(10, 6078226),
(10, 6109994),
(10, 6189393),
(10, 6218767),
(10, 6249859),
(10, 6261567),
(10, 6310696),
(10, 6359123),
(10, 6389830),
(10, 6405424),
(10, 6545054),
(10, 6567778),
(10, 6585699),
(10, 6606529),
(10, 6639456),
(10, 6930656),
(10, 7020794),
(10, 7041177),
(10, 7062423),
(10, 7103112),
(10, 7107879),
(10, 7281782),
(10, 7299401),
(10, 7404723),
(10, 7433765),
(10, 7442779),
(10, 7473407),
(10, 7501008),
(10, 7634786),
(10, 7680407),
(10, 7697816),
(10, 7757949),
(10, 7826822),
(10, 7866790),
(10, 7911611),
(10, 8041847),
(10, 8059347),
(10, 8073153),
(10, 8095996),
(10, 8105517),
(10, 8146727),
(10, 8171896),
(10, 8185330),
(10, 8316239),
(10, 8429839),
(10, 8496054),
(10, 8507888),
(10, 8523770),
(10, 8575165),
(10, 8604770),
(10, 8652186),
(10, 8716834),
(10, 8750632),
(10, 8751561),
(10, 8759994),
(10, 8767144),
(10, 8791031),
(10, 8927354),
(10, 8965433),
(10, 8977281),
(10, 8992197),
(10, 9001669),
(10, 9041515),
(10, 9069303),
(10, 9095718),
(10, 9127370),
(10, 9130051),
(10, 9243832),
(10, 9295122),
(10, 9346903),
(10, 9358546),
(10, 9423562),
(10, 9474202),
(10, 9478616),
(10, 9502461),
(10, 9512427),
(10, 9523213),
(10, 9544107),
(10, 9607351),
(10, 9756033),
(10, 9875143),
(10, 9957437),
(11, 8549),
(11, 63567),
(11, 137207),
(11, 202597),
(11, 237886),
(11, 272826),
(11, 290857),
(11, 357857),
(11, 417458),
(11, 438412),
(11, 479877),
(11, 482248),
(11, 523868),
(11, 563209),
(11, 600282),
(11, 604172),
(11, 623741),
(11, 626733),
(11, 646776),
(11, 655193),
(11, 713112),
(11, 809376),
(11, 859039),
(11, 916028),
(11, 917222),
(11, 920340),
(11, 935040),
(11, 947398),
(11, 981307),
(11, 984487),
(11, 1053527),
(11, 1201122),
(11, 1205938),
(11, 1224721),
(11, 1247804),
(11, 1254494),
(11, 1331073),
(11, 1346722),
(11, 1363721),
(11, 1368666),
(11, 1374989),
(11, 1379036),
(11, 1487554),
(11, 1525822),
(11, 1554448),
(11, 1595216),
(11, 1597782),
(11, 1611299),
(11, 1624230),
(11, 1670162),
(11, 1672434),
(11, 1712073),
(11, 1718667),
(11, 1726660),
(11, 1740253),
(11, 1775223),
(11, 1803089),
(11, 1804583),
(11, 1805179),
(11, 1848527),
(11, 1870880),
(11, 1935728),
(11, 1945290),
(11, 2049169),
(11, 2133673),
(11, 2160363),
(11, 2248279),
(11, 2302047),
(11, 2310760),
(11, 2344186),
(11, 2349111),
(11, 2421683),
(11, 2465951),
(11, 2542494),
(11, 2566250),
(11, 2605146),
(11, 2678020),
(11, 2751239),
(11, 2840570),
(11, 2851927),
(11, 2865672),
(11, 2880610),
(11, 2880951),
(11, 2921196),
(11, 2956996),
(11, 2965053),
(11, 2974790),
(11, 3004832),
(11, 3020095),
(11, 3032177),
(11, 3061271),
(11, 3076799),
(11, 3081102),
(11, 3153186),
(11, 3173783),
(11, 3334565),
(11, 3349236),
(11, 3413930),
(11, 3513280),
(11, 3514355),
(11, 3520522),
(11, 3587133),
(11, 3594498),
(11, 3631622),
(11, 3643762),
(11, 3700218),
(11, 3727355),
(11, 3761194),
(11, 3806923),
(11, 3841239),
(11, 3959030),
(11, 4005499),
(11, 4031482),
(11, 4065062),
(11, 4085257),
(11, 4153803),
(11, 4243653),
(11, 4301425),
(11, 4306802),
(11, 4418511),
(11, 4500138),
(11, 4522049),
(11, 4603077),
(11, 4637335),
(11, 4659047),
(11, 4693326),
(11, 4820564),
(11, 4909973),
(11, 4961259),
(11, 4979528),
(11, 5028354),
(11, 5075889),
(11, 5094450),
(11, 5163276),
(11, 5186764),
(11, 5245451),
(11, 5336299),
(11, 5353281),
(11, 5453981),
(11, 5459448),
(11, 5465893),
(11, 5492672),
(11, 5598714),
(11, 5652090),
(11, 5688892),
(11, 5759068),
(11, 5784438),
(11, 5793017),
(11, 5897645),
(11, 5967269),
(11, 6048949),
(11, 6078226),
(11, 6109994),
(11, 6189393),
(11, 6218767),
(11, 6249859),
(11, 6261567),
(11, 6310696),
(11, 6359123),
(11, 6389830),
(11, 6405424),
(11, 6545054),
(11, 6567778),
(11, 6585699),
(11, 6606529),
(11, 6639456),
(11, 6930656),
(11, 7020794),
(11, 7041177),
(11, 7062423),
(11, 7103112),
(11, 7107879),
(11, 7281782),
(11, 7299401),
(11, 7404723),
(11, 7433765),
(11, 7442779),
(11, 7473407),
(11, 7501008),
(11, 7634786),
(11, 7680407),
(11, 7697816),
(11, 7757949),
(11, 7826822),
(11, 7866790),
(11, 7911611),
(11, 8041847),
(11, 8059347),
(11, 8073153),
(11, 8095996),
(11, 8105517),
(11, 8146727),
(11, 8171896),
(11, 8185330),
(11, 8316239),
(11, 8429839),
(11, 8496054),
(11, 8507888),
(11, 8523770),
(11, 8575165),
(11, 8604770),
(11, 8652186),
(11, 8716834),
(11, 8750632),
(11, 8751561),
(11, 8759994),
(11, 8767144),
(11, 8791031),
(11, 8927354),
(11, 8965433),
(11, 8977281),
(11, 8992197),
(11, 9001669),
(11, 9041515),
(11, 9069303),
(11, 9095718),
(11, 9127370),
(11, 9130051),
(11, 9243832),
(11, 9295122),
(11, 9346903),
(11, 9358546),
(11, 9423562),
(11, 9474202),
(11, 9478616),
(11, 9502461),
(11, 9512427),
(11, 9523213),
(11, 9544107),
(11, 9607351),
(11, 9756033),
(11, 9875143),
(11, 9957437),
(12, 8549),
(12, 63567),
(12, 137207),
(12, 202597),
(12, 237886),
(12, 272826),
(12, 290857),
(12, 357857),
(12, 417458),
(12, 438412),
(12, 479877),
(12, 482248),
(12, 523868),
(12, 563209),
(12, 600282),
(12, 604172),
(12, 623741),
(12, 626733),
(12, 646776),
(12, 655193),
(12, 713112),
(12, 809376),
(12, 859039),
(12, 916028),
(12, 917222),
(12, 920340),
(12, 935040),
(12, 947398),
(12, 981307),
(12, 984487),
(12, 1053527),
(12, 1201122),
(12, 1205938),
(12, 1224721),
(12, 1247804),
(12, 1254494),
(12, 1331073),
(12, 1346722),
(12, 1363721),
(12, 1368666),
(12, 1374989),
(12, 1379036),
(12, 1487554),
(12, 1525822),
(12, 1554448),
(12, 1595216),
(12, 1597782),
(12, 1611299),
(12, 1624230),
(12, 1670162),
(12, 1672434),
(12, 1712073),
(12, 1718667),
(12, 1726660),
(12, 1740253),
(12, 1775223),
(12, 1803089),
(12, 1804583),
(12, 1805179),
(12, 1848527),
(12, 1870880),
(12, 1935728),
(12, 1945290),
(12, 2049169),
(12, 2133673),
(12, 2160363),
(12, 2248279),
(12, 2302047),
(12, 2310760),
(12, 2344186),
(12, 2349111),
(12, 2421683),
(12, 2465951),
(12, 2542494),
(12, 2566250),
(12, 2605146),
(12, 2678020),
(12, 2751239),
(12, 2840570),
(12, 2851927),
(12, 2865672),
(12, 2880610),
(12, 2880951),
(12, 2921196),
(12, 2956996),
(12, 2965053),
(12, 2974790),
(12, 3004832),
(12, 3020095),
(12, 3032177),
(12, 3061271),
(12, 3076799),
(12, 3081102),
(12, 3153186),
(12, 3173783),
(12, 3334565),
(12, 3349236),
(12, 3413930),
(12, 3513280),
(12, 3514355),
(12, 3520522),
(12, 3587133),
(12, 3594498),
(12, 3631622),
(12, 3643762),
(12, 3700218),
(12, 3727355),
(12, 3761194),
(12, 3806923),
(12, 3841239),
(12, 3959030),
(12, 4005499),
(12, 4031482),
(12, 4065062),
(12, 4085257),
(12, 4153803),
(12, 4243653),
(12, 4301425),
(12, 4306802),
(12, 4418511),
(12, 4500138),
(12, 4522049),
(12, 4603077),
(12, 4637335),
(12, 4659047),
(12, 4693326),
(12, 4820564),
(12, 4909973),
(12, 4961259),
(12, 4979528),
(12, 5028354),
(12, 5075889),
(12, 5094450),
(12, 5163276),
(12, 5186764),
(12, 5245451),
(12, 5336299),
(12, 5353281),
(12, 5453981),
(12, 5459448),
(12, 5465893),
(12, 5492672),
(12, 5598714),
(12, 5652090),
(12, 5688892),
(12, 5759068),
(12, 5784438),
(12, 5793017),
(12, 5897645),
(12, 5967269),
(12, 6048949),
(12, 6078226),
(12, 6109994),
(12, 6189393),
(12, 6218767),
(12, 6249859),
(12, 6261567),
(12, 6310696),
(12, 6359123),
(12, 6389830),
(12, 6405424),
(12, 6545054),
(12, 6567778),
(12, 6585699),
(12, 6606529),
(12, 6639456),
(12, 6930656),
(12, 7020794),
(12, 7041177),
(12, 7062423),
(12, 7103112),
(12, 7107879),
(12, 7281782),
(12, 7299401),
(12, 7404723),
(12, 7433765),
(12, 7442779),
(12, 7473407),
(12, 7501008),
(12, 7634786),
(12, 7680407),
(12, 7697816),
(12, 7757949),
(12, 7826822),
(12, 7866790),
(12, 7911611),
(12, 8041847),
(12, 8059347),
(12, 8073153),
(12, 8095996),
(12, 8105517),
(12, 8146727),
(12, 8171896),
(12, 8185330),
(12, 8316239),
(12, 8429839),
(12, 8496054),
(12, 8507888),
(12, 8523770),
(12, 8575165),
(12, 8604770),
(12, 8652186),
(12, 8716834),
(12, 8750632),
(12, 8751561),
(12, 8759994),
(12, 8767144),
(12, 8791031),
(12, 8927354),
(12, 8965433),
(12, 8977281),
(12, 8992197),
(12, 9001669),
(12, 9041515),
(12, 9069303),
(12, 9095718),
(12, 9127370),
(12, 9130051),
(12, 9243832),
(12, 9295122),
(12, 9346903),
(12, 9358546),
(12, 9423562),
(12, 9474202),
(12, 9478616),
(12, 9502461),
(12, 9512427),
(12, 9523213),
(12, 9544107),
(12, 9607351),
(12, 9756033),
(12, 9875143),
(12, 9957437),
(13, 8549),
(13, 63567),
(13, 137207),
(13, 202597),
(13, 237886),
(13, 272826),
(13, 290857),
(13, 357857),
(13, 417458),
(13, 438412),
(13, 479877),
(13, 482248),
(13, 523868),
(13, 563209),
(13, 600282),
(13, 604172),
(13, 623741),
(13, 626733),
(13, 646776),
(13, 655193),
(13, 713112),
(13, 809376),
(13, 859039),
(13, 916028),
(13, 917222),
(13, 920340),
(13, 935040),
(13, 947398),
(13, 981307),
(13, 984487),
(13, 1053527),
(13, 1201122),
(13, 1205938),
(13, 1224721),
(13, 1247804),
(13, 1254494),
(13, 1331073),
(13, 1346722),
(13, 1363721),
(13, 1368666),
(13, 1374989),
(13, 1379036),
(13, 1487554),
(13, 1525822),
(13, 1554448),
(13, 1595216),
(13, 1597782),
(13, 1611299),
(13, 1624230),
(13, 1670162),
(13, 1672434),
(13, 1712073),
(13, 1718667),
(13, 1726660),
(13, 1740253),
(13, 1775223),
(13, 1803089),
(13, 1804583),
(13, 1805179),
(13, 1848527),
(13, 1870880),
(13, 1935728),
(13, 1945290),
(13, 2049169),
(13, 2133673),
(13, 2160363),
(13, 2248279),
(13, 2302047),
(13, 2310760),
(13, 2344186),
(13, 2349111),
(13, 2421683),
(13, 2465951),
(13, 2542494),
(13, 2566250),
(13, 2605146),
(13, 2678020),
(13, 2751239),
(13, 2840570),
(13, 2851927),
(13, 2865672),
(13, 2880610),
(13, 2880951),
(13, 2921196),
(13, 2956996),
(13, 2965053),
(13, 2974790),
(13, 3004832),
(13, 3020095),
(13, 3032177),
(13, 3061271),
(13, 3076799),
(13, 3081102),
(13, 3153186),
(13, 3173783),
(13, 3334565),
(13, 3349236),
(13, 3413930),
(13, 3513280),
(13, 3514355),
(13, 3520522),
(13, 3587133),
(13, 3594498),
(13, 3631622),
(13, 3643762),
(13, 3700218),
(13, 3727355),
(13, 3761194),
(13, 3806923),
(13, 3841239),
(13, 3959030),
(13, 4005499),
(13, 4031482),
(13, 4065062),
(13, 4085257),
(13, 4153803),
(13, 4243653),
(13, 4301425),
(13, 4306802),
(13, 4418511),
(13, 4500138),
(13, 4522049),
(13, 4603077),
(13, 4637335),
(13, 4659047),
(13, 4693326),
(13, 4820564),
(13, 4909973),
(13, 4961259),
(13, 4979528),
(13, 5028354),
(13, 5075889),
(13, 5094450),
(13, 5163276),
(13, 5186764),
(13, 5245451),
(13, 5336299),
(13, 5353281),
(13, 5453981),
(13, 5459448),
(13, 5465893),
(13, 5492672),
(13, 5598714),
(13, 5652090),
(13, 5688892),
(13, 5759068),
(13, 5784438),
(13, 5793017),
(13, 5897645),
(13, 5967269),
(13, 6048949),
(13, 6078226),
(13, 6109994),
(13, 6189393),
(13, 6218767),
(13, 6249859),
(13, 6261567),
(13, 6310696),
(13, 6359123),
(13, 6389830),
(13, 6405424),
(13, 6545054),
(13, 6567778),
(13, 6585699),
(13, 6606529),
(13, 6639456),
(13, 6930656),
(13, 7020794),
(13, 7041177),
(13, 7062423),
(13, 7103112),
(13, 7107879),
(13, 7281782),
(13, 7299401),
(13, 7404723),
(13, 7433765),
(13, 7442779),
(13, 7473407),
(13, 7501008),
(13, 7634786),
(13, 7680407),
(13, 7697816),
(13, 7757949),
(13, 7826822),
(13, 7866790),
(13, 7911611),
(13, 8041847),
(13, 8059347),
(13, 8073153),
(13, 8095996),
(13, 8105517),
(13, 8146727),
(13, 8171896),
(13, 8185330),
(13, 8316239),
(13, 8429839),
(13, 8496054),
(13, 8507888),
(13, 8523770),
(13, 8575165),
(13, 8604770),
(13, 8652186),
(13, 8716834),
(13, 8750632),
(13, 8751561),
(13, 8759994),
(13, 8767144),
(13, 8791031),
(13, 8927354),
(13, 8965433),
(13, 8977281),
(13, 8992197),
(13, 9001669),
(13, 9041515),
(13, 9069303),
(13, 9095718),
(13, 9127370),
(13, 9130051),
(13, 9243832),
(13, 9295122),
(13, 9346903),
(13, 9358546),
(13, 9423562),
(13, 9474202),
(13, 9478616),
(13, 9502461),
(13, 9512427),
(13, 9523213),
(13, 9544107),
(13, 9607351),
(13, 9756033),
(13, 9875143),
(13, 9957437),
(14, 8549),
(14, 63567),
(14, 137207),
(14, 202597),
(14, 237886),
(14, 272826),
(14, 290857),
(14, 357857),
(14, 417458),
(14, 438412),
(14, 479877),
(14, 482248),
(14, 523868),
(14, 563209),
(14, 600282),
(14, 604172),
(14, 623741),
(14, 626733),
(14, 646776),
(14, 655193),
(14, 713112),
(14, 809376),
(14, 859039),
(14, 916028),
(14, 917222),
(14, 920340),
(14, 935040),
(14, 947398),
(14, 981307),
(14, 984487),
(14, 1053527),
(14, 1201122),
(14, 1205938),
(14, 1224721),
(14, 1247804),
(14, 1254494),
(14, 1331073),
(14, 1346722),
(14, 1363721),
(14, 1368666),
(14, 1374989),
(14, 1379036),
(14, 1487554),
(14, 1525822),
(14, 1554448),
(14, 1595216),
(14, 1597782),
(14, 1611299),
(14, 1624230),
(14, 1670162),
(14, 1672434),
(14, 1712073),
(14, 1718667),
(14, 1726660),
(14, 1740253),
(14, 1775223),
(14, 1803089),
(14, 1804583),
(14, 1805179),
(14, 1848527),
(14, 1870880),
(14, 1935728),
(14, 1945290),
(14, 2049169),
(14, 2133673),
(14, 2160363),
(14, 2248279),
(14, 2302047),
(14, 2310760),
(14, 2344186),
(14, 2349111),
(14, 2421683),
(14, 2465951),
(14, 2542494),
(14, 2566250),
(14, 2605146),
(14, 2678020),
(14, 2751239),
(14, 2840570),
(14, 2851927),
(14, 2865672),
(14, 2880610),
(14, 2880951),
(14, 2921196),
(14, 2956996),
(14, 2965053),
(14, 2974790),
(14, 3004832),
(14, 3020095),
(14, 3032177),
(14, 3061271),
(14, 3076799),
(14, 3081102),
(14, 3153186),
(14, 3173783),
(14, 3334565),
(14, 3349236),
(14, 3413930),
(14, 3513280),
(14, 3514355),
(14, 3520522),
(14, 3587133),
(14, 3594498),
(14, 3631622),
(14, 3643762),
(14, 3700218),
(14, 3727355),
(14, 3761194),
(14, 3806923),
(14, 3841239),
(14, 3959030),
(14, 4005499),
(14, 4031482),
(14, 4065062),
(14, 4085257),
(14, 4153803),
(14, 4243653),
(14, 4301425),
(14, 4306802),
(14, 4418511),
(14, 4500138),
(14, 4522049),
(14, 4603077),
(14, 4637335),
(14, 4659047),
(14, 4693326),
(14, 4820564),
(14, 4909973),
(14, 4961259),
(14, 4979528),
(14, 5028354),
(14, 5075889),
(14, 5094450),
(14, 5163276),
(14, 5186764),
(14, 5245451),
(14, 5336299),
(14, 5353281),
(14, 5453981),
(14, 5459448),
(14, 5465893),
(14, 5492672),
(14, 5598714),
(14, 5652090),
(14, 5688892),
(14, 5759068),
(14, 5784438),
(14, 5793017),
(14, 5897645),
(14, 5967269),
(14, 6048949),
(14, 6078226),
(14, 6109994),
(14, 6189393),
(14, 6218767),
(14, 6249859),
(14, 6261567),
(14, 6310696),
(14, 6359123),
(14, 6389830),
(14, 6405424),
(14, 6545054),
(14, 6567778),
(14, 6585699),
(14, 6606529),
(14, 6639456),
(14, 6930656),
(14, 7020794),
(14, 7041177),
(14, 7062423),
(14, 7103112),
(14, 7107879),
(14, 7281782),
(14, 7299401),
(14, 7404723),
(14, 7433765),
(14, 7442779),
(14, 7473407),
(14, 7501008),
(14, 7634786),
(14, 7680407),
(14, 7697816),
(14, 7757949),
(14, 7826822),
(14, 7866790),
(14, 7911611),
(14, 8041847),
(14, 8059347),
(14, 8073153),
(14, 8095996),
(14, 8105517),
(14, 8146727),
(14, 8171896),
(14, 8185330),
(14, 8316239),
(14, 8429839),
(14, 8496054),
(14, 8507888),
(14, 8523770),
(14, 8575165),
(14, 8604770),
(14, 8652186),
(14, 8716834),
(14, 8750632),
(14, 8751561),
(14, 8759994),
(14, 8767144),
(14, 8791031),
(14, 8927354),
(14, 8965433),
(14, 8977281),
(14, 8992197),
(14, 9001669),
(14, 9041515),
(14, 9069303),
(14, 9095718),
(14, 9127370),
(14, 9130051),
(14, 9243832),
(14, 9295122),
(14, 9346903),
(14, 9358546),
(14, 9423562),
(14, 9474202),
(14, 9478616),
(14, 9502461),
(14, 9512427),
(14, 9523213),
(14, 9544107),
(14, 9607351),
(14, 9756033),
(14, 9875143),
(14, 9957437),
(15, 8549),
(15, 63567),
(15, 137207),
(15, 202597),
(15, 237886),
(15, 272826),
(15, 290857),
(15, 357857),
(15, 417458),
(15, 438412),
(15, 479877),
(15, 482248),
(15, 523868),
(15, 563209),
(15, 600282),
(15, 604172),
(15, 623741),
(15, 626733),
(15, 646776),
(15, 655193),
(15, 713112),
(15, 809376),
(15, 859039),
(15, 916028),
(15, 917222),
(15, 920340),
(15, 935040),
(15, 947398),
(15, 981307),
(15, 984487),
(15, 1053527),
(15, 1201122),
(15, 1205938),
(15, 1224721),
(15, 1247804),
(15, 1254494),
(15, 1331073),
(15, 1346722),
(15, 1363721),
(15, 1368666),
(15, 1374989),
(15, 1379036),
(15, 1487554),
(15, 1525822),
(15, 1554448),
(15, 1595216),
(15, 1597782),
(15, 1611299),
(15, 1624230),
(15, 1670162),
(15, 1672434),
(15, 1712073),
(15, 1718667),
(15, 1726660),
(15, 1740253),
(15, 1775223),
(15, 1803089),
(15, 1804583),
(15, 1805179),
(15, 1848527),
(15, 1870880),
(15, 1935728),
(15, 1945290),
(15, 2049169),
(15, 2133673),
(15, 2160363),
(15, 2248279),
(15, 2302047),
(15, 2310760),
(15, 2344186),
(15, 2349111),
(15, 2421683),
(15, 2465951),
(15, 2542494),
(15, 2566250),
(15, 2605146),
(15, 2678020),
(15, 2751239),
(15, 2840570),
(15, 2851927),
(15, 2865672),
(15, 2880610),
(15, 2880951),
(15, 2921196),
(15, 2956996),
(15, 2965053),
(15, 2974790),
(15, 3004832),
(15, 3020095),
(15, 3032177),
(15, 3061271),
(15, 3076799),
(15, 3081102),
(15, 3153186),
(15, 3173783),
(15, 3334565),
(15, 3349236),
(15, 3413930),
(15, 3513280),
(15, 3514355),
(15, 3520522),
(15, 3587133),
(15, 3594498),
(15, 3631622),
(15, 3643762),
(15, 3700218),
(15, 3727355),
(15, 3761194),
(15, 3806923),
(15, 3841239),
(15, 3959030),
(15, 4005499),
(15, 4031482),
(15, 4065062),
(15, 4085257),
(15, 4153803),
(15, 4243653),
(15, 4301425),
(15, 4306802),
(15, 4418511),
(15, 4500138),
(15, 4522049),
(15, 4603077),
(15, 4637335),
(15, 4659047),
(15, 4693326),
(15, 4820564),
(15, 4909973),
(15, 4961259),
(15, 4979528),
(15, 5028354),
(15, 5075889),
(15, 5094450),
(15, 5163276),
(15, 5186764),
(15, 5245451),
(15, 5336299),
(15, 5353281),
(15, 5453981),
(15, 5459448),
(15, 5465893),
(15, 5492672),
(15, 5598714),
(15, 5652090),
(15, 5688892),
(15, 5759068),
(15, 5784438),
(15, 5793017),
(15, 5897645),
(15, 5967269),
(15, 6048949),
(15, 6078226),
(15, 6109994),
(15, 6189393),
(15, 6218767),
(15, 6249859),
(15, 6261567),
(15, 6310696),
(15, 6359123),
(15, 6389830),
(15, 6405424),
(15, 6545054),
(15, 6567778),
(15, 6585699),
(15, 6606529),
(15, 6639456),
(15, 6930656),
(15, 7020794),
(15, 7041177),
(15, 7062423),
(15, 7103112),
(15, 7107879),
(15, 7281782),
(15, 7299401),
(15, 7404723),
(15, 7433765),
(15, 7442779),
(15, 7473407),
(15, 7501008),
(15, 7634786),
(15, 7680407),
(15, 7697816),
(15, 7757949),
(15, 7826822),
(15, 7866790),
(15, 7911611),
(15, 8041847),
(15, 8059347),
(15, 8073153),
(15, 8095996),
(15, 8105517),
(15, 8146727),
(15, 8171896),
(15, 8185330),
(15, 8316239),
(15, 8429839),
(15, 8496054),
(15, 8507888),
(15, 8523770),
(15, 8575165),
(15, 8604770),
(15, 8652186),
(15, 8716834),
(15, 8750632),
(15, 8751561),
(15, 8759994),
(15, 8767144),
(15, 8791031),
(15, 8927354),
(15, 8965433),
(15, 8977281),
(15, 8992197),
(15, 9001669),
(15, 9041515),
(15, 9069303),
(15, 9095718),
(15, 9127370),
(15, 9130051),
(15, 9243832),
(15, 9295122),
(15, 9346903),
(15, 9358546),
(15, 9423562),
(15, 9474202),
(15, 9478616),
(15, 9502461),
(15, 9512427),
(15, 9523213),
(15, 9544107),
(15, 9607351),
(15, 9756033),
(15, 9875143),
(15, 9957437),
(16, 8549),
(16, 63567),
(16, 137207),
(16, 202597),
(16, 237886),
(16, 272826),
(16, 290857),
(16, 357857),
(16, 417458),
(16, 438412),
(16, 479877),
(16, 482248),
(16, 523868),
(16, 563209),
(16, 600282),
(16, 604172),
(16, 623741),
(16, 626733),
(16, 646776),
(16, 655193),
(16, 713112),
(16, 809376),
(16, 859039),
(16, 916028),
(16, 917222),
(16, 920340),
(16, 935040),
(16, 947398),
(16, 981307),
(16, 984487),
(16, 1053527),
(16, 1201122),
(16, 1205938),
(16, 1224721),
(16, 1247804),
(16, 1254494),
(16, 1331073),
(16, 1346722),
(16, 1363721),
(16, 1368666),
(16, 1374989),
(16, 1379036),
(16, 1487554),
(16, 1525822),
(16, 1554448),
(16, 1595216),
(16, 1597782),
(16, 1611299),
(16, 1624230),
(16, 1670162),
(16, 1672434),
(16, 1712073),
(16, 1718667),
(16, 1726660),
(16, 1740253),
(16, 1775223),
(16, 1803089),
(16, 1804583),
(16, 1805179),
(16, 1848527),
(16, 1870880),
(16, 1935728),
(16, 1945290),
(16, 2049169),
(16, 2133673),
(16, 2160363),
(16, 2248279),
(16, 2302047),
(16, 2310760),
(16, 2344186),
(16, 2349111),
(16, 2421683),
(16, 2465951),
(16, 2542494),
(16, 2566250),
(16, 2605146),
(16, 2678020),
(16, 2751239),
(16, 2840570),
(16, 2851927),
(16, 2865672),
(16, 2880610),
(16, 2880951),
(16, 2921196),
(16, 2956996),
(16, 2965053),
(16, 2974790),
(16, 3004832),
(16, 3020095),
(16, 3032177),
(16, 3061271),
(16, 3076799),
(16, 3081102),
(16, 3153186),
(16, 3173783),
(16, 3334565),
(16, 3349236),
(16, 3413930),
(16, 3513280),
(16, 3514355),
(16, 3520522),
(16, 3587133),
(16, 3594498),
(16, 3631622),
(16, 3643762),
(16, 3700218),
(16, 3727355),
(16, 3761194),
(16, 3806923),
(16, 3841239),
(16, 3959030),
(16, 4005499),
(16, 4031482),
(16, 4065062),
(16, 4085257),
(16, 4153803),
(16, 4243653),
(16, 4301425),
(16, 4306802),
(16, 4418511),
(16, 4500138),
(16, 4522049),
(16, 4603077),
(16, 4637335),
(16, 4659047),
(16, 4693326),
(16, 4820564),
(16, 4909973),
(16, 4961259),
(16, 4979528),
(16, 5028354),
(16, 5075889),
(16, 5094450),
(16, 5163276),
(16, 5186764),
(16, 5245451),
(16, 5336299),
(16, 5353281),
(16, 5453981),
(16, 5459448),
(16, 5465893),
(16, 5492672),
(16, 5598714),
(16, 5652090),
(16, 5688892),
(16, 5759068),
(16, 5784438),
(16, 5793017),
(16, 5897645),
(16, 5967269),
(16, 6048949),
(16, 6078226),
(16, 6109994),
(16, 6189393),
(16, 6218767),
(16, 6249859),
(16, 6261567),
(16, 6310696),
(16, 6359123),
(16, 6389830),
(16, 6405424),
(16, 6545054),
(16, 6567778),
(16, 6585699),
(16, 6606529),
(16, 6639456),
(16, 6930656),
(16, 7020794),
(16, 7041177),
(16, 7062423),
(16, 7103112),
(16, 7107879),
(16, 7281782),
(16, 7299401),
(16, 7404723),
(16, 7433765),
(16, 7442779),
(16, 7473407),
(16, 7501008),
(16, 7634786),
(16, 7680407),
(16, 7697816),
(16, 7757949),
(16, 7826822),
(16, 7866790),
(16, 7911611),
(16, 8041847),
(16, 8059347),
(16, 8073153),
(16, 8095996),
(16, 8105517),
(16, 8146727),
(16, 8171896),
(16, 8185330),
(16, 8316239),
(16, 8429839),
(16, 8496054),
(16, 8507888),
(16, 8523770),
(16, 8575165),
(16, 8604770),
(16, 8652186),
(16, 8716834),
(16, 8750632),
(16, 8751561),
(16, 8759994),
(16, 8767144),
(16, 8791031),
(16, 8927354),
(16, 8965433),
(16, 8977281),
(16, 8992197),
(16, 9001669),
(16, 9041515),
(16, 9069303),
(16, 9095718),
(16, 9127370),
(16, 9130051),
(16, 9243832),
(16, 9295122),
(16, 9346903),
(16, 9358546),
(16, 9423562),
(16, 9474202),
(16, 9478616),
(16, 9502461),
(16, 9512427),
(16, 9523213),
(16, 9544107),
(16, 9607351),
(16, 9756033),
(16, 9875143),
(16, 9957437),
(17, 8549),
(17, 63567),
(17, 137207),
(17, 202597),
(17, 237886),
(17, 272826),
(17, 290857),
(17, 357857),
(17, 417458),
(17, 438412),
(17, 479877),
(17, 482248),
(17, 523868),
(17, 563209),
(17, 600282),
(17, 604172),
(17, 623741),
(17, 626733),
(17, 646776),
(17, 655193),
(17, 713112),
(17, 809376),
(17, 859039),
(17, 916028),
(17, 917222),
(17, 920340),
(17, 935040),
(17, 947398),
(17, 981307),
(17, 984487),
(17, 1053527),
(17, 1201122),
(17, 1205938),
(17, 1224721),
(17, 1247804),
(17, 1254494),
(17, 1331073),
(17, 1346722),
(17, 1363721),
(17, 1368666),
(17, 1374989),
(17, 1379036),
(17, 1487554),
(17, 1525822),
(17, 1554448),
(17, 1595216),
(17, 1597782),
(17, 1611299),
(17, 1624230),
(17, 1670162),
(17, 1672434),
(17, 1712073),
(17, 1718667),
(17, 1726660),
(17, 1740253),
(17, 1775223),
(17, 1803089),
(17, 1804583),
(17, 1805179),
(17, 1848527),
(17, 1870880),
(17, 1935728),
(17, 1945290),
(17, 2049169),
(17, 2133673),
(17, 2160363),
(17, 2248279),
(17, 2302047),
(17, 2310760),
(17, 2344186),
(17, 2349111),
(17, 2421683),
(17, 2465951),
(17, 2542494),
(17, 2566250),
(17, 2605146),
(17, 2678020),
(17, 2751239),
(17, 2840570),
(17, 2851927),
(17, 2865672),
(17, 2880610),
(17, 2880951),
(17, 2921196),
(17, 2956996),
(17, 2965053),
(17, 2974790),
(17, 3004832),
(17, 3020095),
(17, 3032177),
(17, 3061271),
(17, 3076799),
(17, 3081102),
(17, 3153186),
(17, 3173783),
(17, 3334565),
(17, 3349236),
(17, 3413930),
(17, 3513280),
(17, 3514355),
(17, 3520522),
(17, 3587133),
(17, 3594498),
(17, 3631622),
(17, 3643762),
(17, 3700218),
(17, 3727355),
(17, 3761194),
(17, 3806923),
(17, 3841239),
(17, 3959030),
(17, 4005499),
(17, 4031482),
(17, 4065062),
(17, 4085257),
(17, 4153803),
(17, 4243653),
(17, 4301425),
(17, 4306802),
(17, 4418511),
(17, 4500138),
(17, 4522049),
(17, 4603077),
(17, 4637335),
(17, 4659047),
(17, 4693326),
(17, 4820564),
(17, 4909973),
(17, 4961259),
(17, 4979528),
(17, 5028354),
(17, 5075889),
(17, 5094450),
(17, 5163276),
(17, 5186764),
(17, 5245451),
(17, 5336299),
(17, 5353281),
(17, 5453981),
(17, 5459448),
(17, 5465893),
(17, 5492672),
(17, 5598714),
(17, 5652090),
(17, 5688892),
(17, 5759068),
(17, 5784438),
(17, 5793017),
(17, 5897645),
(17, 5967269),
(17, 6048949),
(17, 6078226),
(17, 6109994),
(17, 6189393),
(17, 6218767),
(17, 6249859),
(17, 6261567),
(17, 6310696),
(17, 6359123),
(17, 6389830),
(17, 6405424),
(17, 6545054),
(17, 6567778),
(17, 6585699),
(17, 6606529),
(17, 6639456),
(17, 6930656),
(17, 7020794),
(17, 7041177),
(17, 7062423),
(17, 7103112),
(17, 7107879),
(17, 7281782),
(17, 7299401),
(17, 7404723),
(17, 7433765),
(17, 7442779),
(17, 7473407),
(17, 7501008),
(17, 7634786),
(17, 7680407),
(17, 7697816),
(17, 7757949),
(17, 7826822),
(17, 7866790),
(17, 7911611),
(17, 8041847),
(17, 8059347),
(17, 8073153),
(17, 8095996),
(17, 8105517),
(17, 8146727),
(17, 8171896),
(17, 8185330),
(17, 8316239),
(17, 8429839),
(17, 8496054),
(17, 8507888),
(17, 8523770),
(17, 8575165),
(17, 8604770),
(17, 8652186),
(17, 8716834),
(17, 8750632),
(17, 8751561),
(17, 8759994),
(17, 8767144),
(17, 8791031),
(17, 8927354),
(17, 8965433),
(17, 8977281),
(17, 8992197),
(17, 9001669),
(17, 9041515),
(17, 9069303),
(17, 9095718),
(17, 9127370),
(17, 9130051),
(17, 9243832),
(17, 9295122),
(17, 9346903),
(17, 9358546),
(17, 9423562),
(17, 9474202),
(17, 9478616),
(17, 9502461),
(17, 9512427),
(17, 9523213),
(17, 9544107),
(17, 9607351),
(17, 9756033),
(17, 9875143),
(17, 9957437),
(18, 8549),
(18, 63567),
(18, 137207),
(18, 202597),
(18, 237886),
(18, 272826),
(18, 290857),
(18, 357857),
(18, 417458),
(18, 438412),
(18, 479877),
(18, 482248),
(18, 523868),
(18, 563209),
(18, 600282),
(18, 604172),
(18, 623741),
(18, 626733),
(18, 646776),
(18, 655193),
(18, 713112),
(18, 809376),
(18, 859039),
(18, 916028),
(18, 917222),
(18, 920340),
(18, 935040),
(18, 947398),
(18, 981307),
(18, 984487),
(18, 1053527),
(18, 1201122),
(18, 1205938),
(18, 1224721),
(18, 1247804),
(18, 1254494),
(18, 1331073),
(18, 1346722),
(18, 1363721),
(18, 1368666),
(18, 1374989),
(18, 1379036),
(18, 1487554),
(18, 1525822),
(18, 1554448),
(18, 1595216),
(18, 1597782),
(18, 1611299),
(18, 1624230),
(18, 1670162),
(18, 1672434),
(18, 1712073),
(18, 1718667),
(18, 1726660),
(18, 1740253),
(18, 1775223),
(18, 1803089),
(18, 1804583),
(18, 1805179),
(18, 1848527),
(18, 1870880),
(18, 1935728),
(18, 1945290),
(18, 2049169),
(18, 2133673),
(18, 2160363),
(18, 2248279),
(18, 2302047),
(18, 2310760),
(18, 2344186),
(18, 2349111),
(18, 2421683),
(18, 2465951),
(18, 2542494),
(18, 2566250),
(18, 2605146),
(18, 2678020),
(18, 2751239),
(18, 2840570),
(18, 2851927),
(18, 2865672),
(18, 2880610),
(18, 2880951),
(18, 2921196),
(18, 2956996),
(18, 2965053);
INSERT INTO `casillas_partida` (`casillas_id`, `partida_id`) VALUES
(18, 2974790),
(18, 3004832),
(18, 3020095),
(18, 3032177),
(18, 3061271),
(18, 3076799),
(18, 3081102),
(18, 3153186),
(18, 3173783),
(18, 3334565),
(18, 3349236),
(18, 3413930),
(18, 3513280),
(18, 3514355),
(18, 3520522),
(18, 3587133),
(18, 3594498),
(18, 3631622),
(18, 3643762),
(18, 3700218),
(18, 3727355),
(18, 3761194),
(18, 3806923),
(18, 3841239),
(18, 3959030),
(18, 4005499),
(18, 4031482),
(18, 4065062),
(18, 4085257),
(18, 4153803),
(18, 4243653),
(18, 4301425),
(18, 4306802),
(18, 4418511),
(18, 4500138),
(18, 4522049),
(18, 4603077),
(18, 4637335),
(18, 4659047),
(18, 4693326),
(18, 4820564),
(18, 4909973),
(18, 4961259),
(18, 4979528),
(18, 5028354),
(18, 5075889),
(18, 5094450),
(18, 5163276),
(18, 5186764),
(18, 5245451),
(18, 5336299),
(18, 5353281),
(18, 5453981),
(18, 5459448),
(18, 5465893),
(18, 5492672),
(18, 5598714),
(18, 5652090),
(18, 5688892),
(18, 5759068),
(18, 5784438),
(18, 5793017),
(18, 5897645),
(18, 5967269),
(18, 6048949),
(18, 6078226),
(18, 6109994),
(18, 6189393),
(18, 6218767),
(18, 6249859),
(18, 6261567),
(18, 6310696),
(18, 6359123),
(18, 6389830),
(18, 6405424),
(18, 6545054),
(18, 6567778),
(18, 6585699),
(18, 6606529),
(18, 6639456),
(18, 6930656),
(18, 7020794),
(18, 7041177),
(18, 7062423),
(18, 7103112),
(18, 7107879),
(18, 7281782),
(18, 7299401),
(18, 7404723),
(18, 7433765),
(18, 7442779),
(18, 7473407),
(18, 7501008),
(18, 7634786),
(18, 7680407),
(18, 7697816),
(18, 7757949),
(18, 7826822),
(18, 7866790),
(18, 7911611),
(18, 8041847),
(18, 8059347),
(18, 8073153),
(18, 8095996),
(18, 8105517),
(18, 8146727),
(18, 8171896),
(18, 8185330),
(18, 8316239),
(18, 8429839),
(18, 8496054),
(18, 8507888),
(18, 8523770),
(18, 8575165),
(18, 8604770),
(18, 8652186),
(18, 8716834),
(18, 8750632),
(18, 8751561),
(18, 8759994),
(18, 8767144),
(18, 8791031),
(18, 8927354),
(18, 8965433),
(18, 8977281),
(18, 8992197),
(18, 9001669),
(18, 9041515),
(18, 9069303),
(18, 9095718),
(18, 9127370),
(18, 9130051),
(18, 9243832),
(18, 9295122),
(18, 9346903),
(18, 9358546),
(18, 9423562),
(18, 9474202),
(18, 9478616),
(18, 9502461),
(18, 9512427),
(18, 9523213),
(18, 9544107),
(18, 9607351),
(18, 9756033),
(18, 9875143),
(18, 9957437),
(19, 8549),
(19, 63567),
(19, 137207),
(19, 202597),
(19, 237886),
(19, 272826),
(19, 290857),
(19, 357857),
(19, 417458),
(19, 438412),
(19, 479877),
(19, 482248),
(19, 523868),
(19, 563209),
(19, 600282),
(19, 604172),
(19, 623741),
(19, 626733),
(19, 646776),
(19, 655193),
(19, 713112),
(19, 809376),
(19, 859039),
(19, 916028),
(19, 917222),
(19, 920340),
(19, 935040),
(19, 947398),
(19, 981307),
(19, 984487),
(19, 1053527),
(19, 1201122),
(19, 1205938),
(19, 1224721),
(19, 1247804),
(19, 1254494),
(19, 1331073),
(19, 1346722),
(19, 1363721),
(19, 1368666),
(19, 1374989),
(19, 1379036),
(19, 1487554),
(19, 1525822),
(19, 1554448),
(19, 1595216),
(19, 1597782),
(19, 1611299),
(19, 1624230),
(19, 1670162),
(19, 1672434),
(19, 1712073),
(19, 1718667),
(19, 1726660),
(19, 1740253),
(19, 1775223),
(19, 1803089),
(19, 1804583),
(19, 1805179),
(19, 1848527),
(19, 1870880),
(19, 1935728),
(19, 1945290),
(19, 2049169),
(19, 2133673),
(19, 2160363),
(19, 2248279),
(19, 2302047),
(19, 2310760),
(19, 2344186),
(19, 2349111),
(19, 2421683),
(19, 2465951),
(19, 2542494),
(19, 2566250),
(19, 2605146),
(19, 2678020),
(19, 2751239),
(19, 2840570),
(19, 2851927),
(19, 2865672),
(19, 2880610),
(19, 2880951),
(19, 2921196),
(19, 2956996),
(19, 2965053),
(19, 2974790),
(19, 3004832),
(19, 3020095),
(19, 3032177),
(19, 3061271),
(19, 3076799),
(19, 3081102),
(19, 3153186),
(19, 3173783),
(19, 3334565),
(19, 3349236),
(19, 3413930),
(19, 3513280),
(19, 3514355),
(19, 3520522),
(19, 3587133),
(19, 3594498),
(19, 3631622),
(19, 3643762),
(19, 3700218),
(19, 3727355),
(19, 3761194),
(19, 3806923),
(19, 3841239),
(19, 3959030),
(19, 4005499),
(19, 4031482),
(19, 4065062),
(19, 4085257),
(19, 4153803),
(19, 4243653),
(19, 4301425),
(19, 4306802),
(19, 4418511),
(19, 4500138),
(19, 4522049),
(19, 4603077),
(19, 4637335),
(19, 4659047),
(19, 4693326),
(19, 4820564),
(19, 4909973),
(19, 4961259),
(19, 4979528),
(19, 5028354),
(19, 5075889),
(19, 5094450),
(19, 5163276),
(19, 5186764),
(19, 5245451),
(19, 5336299),
(19, 5353281),
(19, 5453981),
(19, 5459448),
(19, 5465893),
(19, 5492672),
(19, 5598714),
(19, 5652090),
(19, 5688892),
(19, 5759068),
(19, 5784438),
(19, 5793017),
(19, 5897645),
(19, 5967269),
(19, 6048949),
(19, 6078226),
(19, 6109994),
(19, 6189393),
(19, 6218767),
(19, 6249859),
(19, 6261567),
(19, 6310696),
(19, 6359123),
(19, 6389830),
(19, 6405424),
(19, 6545054),
(19, 6567778),
(19, 6585699),
(19, 6606529),
(19, 6639456),
(19, 6930656),
(19, 7020794),
(19, 7041177),
(19, 7062423),
(19, 7103112),
(19, 7107879),
(19, 7281782),
(19, 7299401),
(19, 7404723),
(19, 7433765),
(19, 7442779),
(19, 7473407),
(19, 7501008),
(19, 7634786),
(19, 7680407),
(19, 7697816),
(19, 7757949),
(19, 7826822),
(19, 7866790),
(19, 7911611),
(19, 8041847),
(19, 8059347),
(19, 8073153),
(19, 8095996),
(19, 8105517),
(19, 8146727),
(19, 8171896),
(19, 8185330),
(19, 8316239),
(19, 8429839),
(19, 8496054),
(19, 8507888),
(19, 8523770),
(19, 8575165),
(19, 8604770),
(19, 8652186),
(19, 8716834),
(19, 8750632),
(19, 8751561),
(19, 8759994),
(19, 8767144),
(19, 8791031),
(19, 8927354),
(19, 8965433),
(19, 8977281),
(19, 8992197),
(19, 9001669),
(19, 9041515),
(19, 9069303),
(19, 9095718),
(19, 9127370),
(19, 9130051),
(19, 9243832),
(19, 9295122),
(19, 9346903),
(19, 9358546),
(19, 9423562),
(19, 9474202),
(19, 9478616),
(19, 9502461),
(19, 9512427),
(19, 9523213),
(19, 9544107),
(19, 9607351),
(19, 9756033),
(19, 9875143),
(19, 9957437),
(20, 8549),
(20, 63567),
(20, 137207),
(20, 202597),
(20, 237886),
(20, 272826),
(20, 290857),
(20, 357857),
(20, 417458),
(20, 438412),
(20, 479877),
(20, 482248),
(20, 523868),
(20, 563209),
(20, 600282),
(20, 604172),
(20, 623741),
(20, 626733),
(20, 646776),
(20, 655193),
(20, 713112),
(20, 809376),
(20, 859039),
(20, 916028),
(20, 917222),
(20, 920340),
(20, 935040),
(20, 947398),
(20, 981307),
(20, 984487),
(20, 1053527),
(20, 1201122),
(20, 1205938),
(20, 1224721),
(20, 1247804),
(20, 1254494),
(20, 1331073),
(20, 1346722),
(20, 1363721),
(20, 1368666),
(20, 1374989),
(20, 1379036),
(20, 1487554),
(20, 1525822),
(20, 1554448),
(20, 1595216),
(20, 1597782),
(20, 1611299),
(20, 1624230),
(20, 1670162),
(20, 1672434),
(20, 1712073),
(20, 1718667),
(20, 1726660),
(20, 1740253),
(20, 1775223),
(20, 1803089),
(20, 1804583),
(20, 1805179),
(20, 1848527),
(20, 1870880),
(20, 1935728),
(20, 1945290),
(20, 2049169),
(20, 2133673),
(20, 2160363),
(20, 2248279),
(20, 2302047),
(20, 2310760),
(20, 2344186),
(20, 2349111),
(20, 2421683),
(20, 2465951),
(20, 2542494),
(20, 2566250),
(20, 2605146),
(20, 2678020),
(20, 2751239),
(20, 2840570),
(20, 2851927),
(20, 2865672),
(20, 2880610),
(20, 2880951),
(20, 2921196),
(20, 2956996),
(20, 2965053),
(20, 2974790),
(20, 3004832),
(20, 3020095),
(20, 3032177),
(20, 3061271),
(20, 3076799),
(20, 3081102),
(20, 3153186),
(20, 3173783),
(20, 3334565),
(20, 3349236),
(20, 3413930),
(20, 3513280),
(20, 3514355),
(20, 3520522),
(20, 3587133),
(20, 3594498),
(20, 3631622),
(20, 3643762),
(20, 3700218),
(20, 3727355),
(20, 3761194),
(20, 3806923),
(20, 3841239),
(20, 3959030),
(20, 4005499),
(20, 4031482),
(20, 4065062),
(20, 4085257),
(20, 4153803),
(20, 4243653),
(20, 4301425),
(20, 4306802),
(20, 4418511),
(20, 4500138),
(20, 4522049),
(20, 4603077),
(20, 4637335),
(20, 4659047),
(20, 4693326),
(20, 4820564),
(20, 4909973),
(20, 4961259),
(20, 4979528),
(20, 5028354),
(20, 5075889),
(20, 5094450),
(20, 5163276),
(20, 5186764),
(20, 5245451),
(20, 5336299),
(20, 5353281),
(20, 5453981),
(20, 5459448),
(20, 5465893),
(20, 5492672),
(20, 5598714),
(20, 5652090),
(20, 5688892),
(20, 5759068),
(20, 5784438),
(20, 5793017),
(20, 5897645),
(20, 5967269),
(20, 6048949),
(20, 6078226),
(20, 6109994),
(20, 6189393),
(20, 6218767),
(20, 6249859),
(20, 6261567),
(20, 6310696),
(20, 6359123),
(20, 6389830),
(20, 6405424),
(20, 6545054),
(20, 6567778),
(20, 6585699),
(20, 6606529),
(20, 6639456),
(20, 6930656),
(20, 7020794),
(20, 7041177),
(20, 7062423),
(20, 7103112),
(20, 7107879),
(20, 7281782),
(20, 7299401),
(20, 7404723),
(20, 7433765),
(20, 7442779),
(20, 7473407),
(20, 7501008),
(20, 7634786),
(20, 7680407),
(20, 7697816),
(20, 7757949),
(20, 7826822),
(20, 7866790),
(20, 7911611),
(20, 8041847),
(20, 8059347),
(20, 8073153),
(20, 8095996),
(20, 8105517),
(20, 8146727),
(20, 8171896),
(20, 8185330),
(20, 8316239),
(20, 8429839),
(20, 8496054),
(20, 8507888),
(20, 8523770),
(20, 8575165),
(20, 8604770),
(20, 8652186),
(20, 8716834),
(20, 8750632),
(20, 8751561),
(20, 8759994),
(20, 8767144),
(20, 8791031),
(20, 8927354),
(20, 8965433),
(20, 8977281),
(20, 8992197),
(20, 9001669),
(20, 9041515),
(20, 9069303),
(20, 9095718),
(20, 9127370),
(20, 9130051),
(20, 9243832),
(20, 9295122),
(20, 9346903),
(20, 9358546),
(20, 9423562),
(20, 9474202),
(20, 9478616),
(20, 9502461),
(20, 9512427),
(20, 9523213),
(20, 9544107),
(20, 9607351),
(20, 9756033),
(20, 9875143),
(20, 9957437);

-- --------------------------------------------------------

--
-- Estructura de tabla para la tabla `dado`
--

CREATE TABLE `dado` (
  `id` int(11) NOT NULL,
  `caras` int(11) DEFAULT NULL
) ENGINE=InnoDB DEFAULT CHARSET=utf8mb4 COLLATE=utf8mb4_unicode_ci;

--
-- Volcado de datos para la tabla `dado`
--

INSERT INTO `dado` (`id`, `caras`) VALUES
(1, 6);

-- --------------------------------------------------------

--
-- Estructura de tabla para la tabla `mensaje`
--

CREATE TABLE `mensaje` (
  `id` int(11) NOT NULL,
  `nombre_remitente` varchar(255) COLLATE utf8mb4_unicode_ci DEFAULT NULL,
  `email_remitente` varchar(255) COLLATE utf8mb4_unicode_ci NOT NULL,
  `mensaje_remitente` varchar(255) COLLATE utf8mb4_unicode_ci DEFAULT NULL
) ENGINE=InnoDB DEFAULT CHARSET=utf8mb4 COLLATE=utf8mb4_unicode_ci;

--
-- Volcado de datos para la tabla `mensaje`
--

INSERT INTO `mensaje` (`id`, `nombre_remitente`, `email_remitente`, `mensaje_remitente`) VALUES
(1, 'Juan', 'Admin', 'Hola que tal'),
(2, 'Santo tomas', 'Admin', 'Tengo hambra');

-- --------------------------------------------------------

--
-- Estructura de tabla para la tabla `migration_versions`
--

CREATE TABLE `migration_versions` (
  `version` varchar(14) COLLATE utf8mb4_unicode_ci NOT NULL,
  `executed_at` datetime NOT NULL COMMENT '(DC2Type:datetime_immutable)'
) ENGINE=InnoDB DEFAULT CHARSET=utf8mb4 COLLATE=utf8mb4_unicode_ci;

--
-- Volcado de datos para la tabla `migration_versions`
--

INSERT INTO `migration_versions` (`version`, `executed_at`) VALUES
('20190408164833', '2019-04-09 14:55:11'),
('20190420151546', '2019-04-23 13:49:26'),
('20190425211502', '2019-04-25 21:15:38'),
('20190425211902', '2019-04-25 21:19:30'),
('20190426105948', '2019-04-26 11:04:35'),
('20190429075252', '2019-04-29 07:57:30'),
('20190501171358', '2019-05-02 09:07:44'),
('20190502092852', '2019-05-02 09:30:25'),
('20190502101952', '2019-05-02 10:20:48'),
('20190502103450', '2019-05-02 10:37:34'),
('20190503074924', '2019-05-03 14:07:17'),
('20190507100906', '2019-05-08 17:27:00'),
('20190520202030', '2019-05-20 20:21:08'),
('20190526144708', '2019-05-26 14:47:51');

-- --------------------------------------------------------

--
-- Estructura de tabla para la tabla `partida`
--

CREATE TABLE `partida` (
  `id` int(11) NOT NULL,
  `dado_id` int(11) DEFAULT NULL,
  `ganador` varchar(255) COLLATE utf8mb4_unicode_ci NOT NULL,
  `num_turnos` int(11) DEFAULT NULL,
  `fecha` datetime NOT NULL
) ENGINE=InnoDB DEFAULT CHARSET=utf8mb4 COLLATE=utf8mb4_unicode_ci;

--
-- Volcado de datos para la tabla `partida`
--

INSERT INTO `partida` (`id`, `dado_id`, `ganador`, `num_turnos`, `fecha`) VALUES
(8549, 1, '', 20, '2019-05-28 17:58:24'),
(63567, 1, '', 15, '2019-06-03 19:47:44'),
(137207, 1, '', 0, '2019-06-13 11:25:14'),
(202597, 1, '', 10, '2019-06-09 22:19:35'),
(237886, 1, '', 0, '2019-06-13 10:57:08'),
(272826, 1, '', 1, '2019-06-02 21:36:58'),
(290857, 1, '', 40, '2019-06-03 19:37:15'),
(357857, 1, '', 0, '2019-06-13 10:53:34'),
(417458, 1, '', 41, '2019-05-28 21:03:37'),
(438412, 1, '', 37, '2019-05-28 17:59:54'),
(479877, 1, '', 157, '2019-06-03 17:34:48'),
(482248, 1, '', 78, '2019-06-03 19:43:20'),
(523868, 1, '', 44, '2019-06-02 17:59:31'),
(563209, 1, '', 0, '2019-06-13 11:28:12'),
(600282, 1, '', 0, '2019-06-15 08:29:54'),
(604172, 1, '', 43, '2019-05-28 18:47:01'),
(623741, 1, '', 42, '2019-06-05 18:27:29'),
(626733, 1, '', 117, '2019-06-01 16:05:02'),
(646776, 1, '', 908, '2019-06-07 18:46:04'),
(655193, 1, '', 11, '2019-05-31 20:38:00'),
(713112, 1, '', 58, '2019-06-03 19:46:16'),
(809376, 1, '', 62, '2019-06-08 10:12:32'),
(859039, 1, '', 67, '2019-06-06 20:01:21'),
(916028, 1, '', 65, '2019-06-06 19:40:04'),
(917222, 1, '', 0, '2019-06-15 09:33:04'),
(920340, 1, '', 17, '2019-05-28 18:54:29'),
(935040, 1, '', 0, '2019-06-13 11:12:05'),
(947398, 1, '', 0, '2019-06-15 08:16:02'),
(981307, 1, '', 89, '2019-06-03 19:44:47'),
(984487, 1, '', 0, '2019-06-13 11:32:58'),
(1053527, 1, '', 74, '2019-05-27 18:59:03'),
(1201122, 1, '', 12, '2019-05-31 22:03:08'),
(1205938, 1, '', 32, '2019-05-28 17:41:15'),
(1224721, 1, '', 22, '2019-06-09 10:30:19'),
(1247804, 1, '', 0, '2019-06-13 11:08:16'),
(1254494, 1, '', 0, '2019-06-13 11:29:47'),
(1331073, 1, '', 251, '2019-05-28 18:33:54'),
(1346722, 1, '', 344, '2019-05-27 18:51:13'),
(1363721, 1, '', 0, '2019-06-13 10:49:41'),
(1368666, 1, '', 12, '2019-05-27 17:43:20'),
(1374989, 1, '', 1, '2019-05-27 19:06:16'),
(1379036, 1, '', 0, '2019-06-13 10:52:40'),
(1487554, 1, '', 234, '2019-06-05 18:25:34'),
(1525822, 1, '', 89, '2019-06-03 17:37:04'),
(1554448, 1, '', 0, '2019-06-15 08:15:09'),
(1595216, 1, '', 76, '2019-06-03 19:45:11'),
(1597782, 1, '', 56, '2019-06-09 22:19:40'),
(1611299, 1, '', 0, '2019-06-13 10:44:09'),
(1624230, 1, '', 66, '2019-06-03 18:30:25'),
(1670162, 1, '', 44, '2019-05-27 17:40:50'),
(1672434, 1, '', 0, '2019-06-13 11:10:34'),
(1712073, 1, '', 56, '2019-06-03 18:30:47'),
(1718667, 1, '', 76, '2019-06-01 16:05:15'),
(1726660, 1, '', 56, '2019-06-03 19:48:45'),
(1740253, 1, '', 0, '2019-06-13 11:20:36'),
(1775223, 1, '', 34, '2019-06-03 19:48:53'),
(1803089, 1, '', 22, '2019-06-03 17:38:12'),
(1804583, 1, '', 33, '2019-05-27 18:55:38'),
(1805179, 1, '', 1, '2019-05-27 19:04:52'),
(1848527, 1, '', 0, '2019-06-15 08:08:07'),
(1870880, 1, '', 11, '2019-06-03 19:27:30'),
(1935728, 1, '', 0, '2019-06-13 10:59:02'),
(1945290, 1, '', 24, '2019-05-28 21:21:45'),
(2049169, 1, '', 0, '2019-06-13 10:58:12'),
(2133673, 1, '', 98, '2019-06-01 17:15:20'),
(2160363, 1, '', 76, '2019-05-28 18:41:12'),
(2248279, 1, '', 0, '2019-06-13 11:36:02'),
(2302047, 1, '', 67, '2019-05-27 19:03:22'),
(2310760, 1, '', 56, '2019-06-06 19:34:42'),
(2344186, 1, '', 34, '2019-05-27 18:53:11'),
(2349111, 1, '', 345, '2019-06-03 20:00:38'),
(2421683, 1, '', 345, '2019-05-28 18:58:28'),
(2465951, 1, '', 645, '2019-05-28 18:42:03'),
(2542494, 1, '', 0, '2019-06-13 10:55:06'),
(2566250, 1, '', 765, '2019-06-03 19:31:16'),
(2605146, 1, '', 111, '2019-05-28 21:23:46'),
(2678020, 1, '', 112, '2019-06-02 17:37:37'),
(2751239, 1, '', 0, '2019-06-15 08:30:18'),
(2840570, 1, '', 113, '2019-05-28 18:43:10'),
(2851927, 1, '', 111, '2019-06-06 19:29:33'),
(2865672, 1, '', 141, '2019-06-03 18:27:33'),
(2880610, 1, '', 111, '2019-06-01 16:04:09'),
(2880951, 1, '', 11, '2019-06-03 19:32:39'),
(2921196, 1, '', 111, '2019-06-06 19:53:43'),
(2956996, 1, '', 1111, '2019-05-28 18:39:50'),
(2965053, 1, '', 323, '2019-06-03 19:33:53'),
(2974790, 1, '', 423, '2019-05-27 19:32:21'),
(3004832, 1, '', 453, '2019-05-28 17:53:27'),
(3020095, 1, '', 233, '2019-06-08 10:14:22'),
(3032177, 1, '', 233, '2019-06-07 18:43:11'),
(3061271, 1, '', 323, '2019-06-02 18:02:12'),
(3076799, 1, '', 666, '2019-05-27 18:58:04'),
(3081102, 1, '', 666, '2019-06-01 16:01:10'),
(3153186, 1, '', 666, '2019-06-07 18:44:36'),
(3173783, 1, '', 0, '2019-06-13 11:22:03'),
(3334565, 1, '', 0, '2019-06-13 11:37:33'),
(3349236, 1, '', 0, '2019-06-13 10:47:04'),
(3413930, 1, '', 777, '2019-05-28 18:56:21'),
(3513280, 1, '', 888, '2019-05-28 21:25:48'),
(3514355, 1, '', 999, '2019-05-28 17:46:31'),
(3520522, 1, '', 998, '2019-05-28 17:53:54'),
(3587133, 1, '', 0, '2019-06-13 11:12:41'),
(3594498, 1, '', 978, '2019-06-07 18:43:39'),
(3631622, 1, '', 789, '2019-05-28 18:01:42'),
(3643762, 1, '', 0, '2019-06-13 10:56:27'),
(3700218, 1, '', 567, '2019-06-06 19:35:57'),
(3727355, 1, '', 0, '2019-06-15 08:03:09'),
(3761194, 1, '', 345, '2019-05-28 18:52:07'),
(3806923, 1, '', 543, '2019-06-02 10:11:43'),
(3841239, 1, '', 234, '2019-05-28 21:23:15'),
(3959030, 1, '', 234, '2019-06-06 19:33:36'),
(4005499, 1, '', 234, '2019-06-03 18:21:28'),
(4031482, 1, '', 121, '2019-06-03 17:47:12'),
(4065062, 1, '', 344, '2019-06-01 16:02:59'),
(4085257, 1, '', 213, '2019-06-08 10:11:51'),
(4153803, 1, '', 987, '2019-06-03 19:39:52'),
(4243653, 1, '', 236, '2019-06-03 17:30:41'),
(4301425, 1, '', 5443, '2019-06-06 21:32:21'),
(4306802, 1, '', 342, '2019-06-03 19:34:34'),
(4418511, 1, '', 0, '2019-06-13 11:14:33'),
(4500138, 1, '', 123, '2019-05-27 17:51:58'),
(4522049, 1, '', 543, '2019-06-03 18:25:39'),
(4603077, 1, '', 222, '2019-06-05 18:27:10'),
(4637335, 1, '', 111, '2019-05-27 18:59:32'),
(4659047, 1, '', 0, '2019-06-13 10:59:49'),
(4693326, 1, '', 222, '2019-05-28 21:42:15'),
(4820564, 1, '', 333, '2019-04-04 10:13:38'),
(4909973, 1, '', 44, '2019-05-27 19:07:26'),
(4961259, 1, '', 0, '2019-06-14 19:35:56'),
(4979528, 1, '', 55, '2019-05-28 21:27:03'),
(5028354, 1, '', 111, '2019-06-06 19:33:51'),
(5075889, 1, '', 334, '2019-06-07 18:45:30'),
(5094450, 1, '', 0, '2019-05-27 17:42:01'),
(5163276, 1, '', 0, '2019-06-03 17:13:55'),
(5186764, 1, '', 0, '2019-06-03 18:31:05'),
(5245451, 1, '', 0, '2019-06-13 11:16:17'),
(5336299, 1, '', 0, '2019-05-31 22:12:08'),
(5353281, 1, '', 0, '2019-06-03 19:35:47'),
(5453981, 1, '', 0, '2019-05-28 17:54:29'),
(5459448, 1, '', 0, '2019-06-07 18:50:38'),
(5465893, 1, '', 0, '2019-06-01 16:22:58'),
(5492672, 1, '', 0, '2019-05-27 17:53:24'),
(5598714, 1, '', 0, '2019-06-06 19:48:53'),
(5652090, 1, '', 0, '2019-05-27 19:08:07'),
(5688892, 1, '', 0, '2019-06-13 11:26:21'),
(5759068, 1, '', 0, '2019-06-02 10:10:16'),
(5784438, 1, '', 0, '2019-05-28 17:48:32'),
(5793017, 1, '', 0, '2019-06-13 10:41:05'),
(5897645, 1, '', 0, '2019-06-13 11:23:49'),
(5967269, 1, '', 0, '2019-05-28 18:33:23'),
(6048949, 1, '', 0, '2019-06-13 10:51:18'),
(6078226, 1, '', 0, '2019-06-06 19:41:07'),
(6109994, 1, '', 0, '2019-05-28 17:46:50'),
(6189393, 1, '', 0, '2019-06-03 19:59:41'),
(6218767, 1, '', 0, '2019-05-28 21:35:14'),
(6249859, 1, '', 0, '2019-05-28 17:56:43'),
(6261567, 1, '', 0, '2019-05-27 18:00:12'),
(6310696, 1, '', 0, '2019-06-05 17:25:39'),
(6359123, 1, '', 0, '2019-06-01 16:19:14'),
(6389830, 1, '', 0, '2019-05-28 17:41:05'),
(6405424, 1, '', 0, '2019-06-03 17:18:21'),
(6545054, 1, '', 0, '2019-05-27 18:47:55'),
(6567778, 1, '', 0, '2019-06-06 19:37:41'),
(6585699, 1, '', 0, '2019-06-01 16:01:56'),
(6606529, 1, '', 0, '2019-06-13 11:01:10'),
(6639456, 1, '', 0, '2019-06-15 08:01:40'),
(6930656, 1, '', 0, '2019-06-06 19:45:01'),
(7020794, 1, '', 0, '2019-05-27 17:40:07'),
(7041177, 1, '', 0, '2019-05-27 18:49:18'),
(7062423, 1, '', 0, '2019-05-27 18:56:47'),
(7103112, 1, '', 0, '2019-06-03 20:00:23'),
(7107879, 1, '', 0, '2019-06-13 11:19:49'),
(7281782, 1, '', 0, '2019-05-31 22:04:34'),
(7299401, 1, '', 0, '2019-06-05 17:27:33'),
(7404723, 1, '', 0, '2019-06-03 19:51:08'),
(7433765, 1, '', 0, '2019-05-28 21:23:36'),
(7442779, 1, '', 0, '2019-06-08 21:20:27'),
(7473407, 1, '', 0, '2019-06-03 19:35:16'),
(7501008, 1, '', 0, '2019-06-03 19:33:43'),
(7634786, 1, '', 0, '2019-06-07 18:52:19'),
(7680407, 1, '', 0, '2019-06-03 19:33:19'),
(7697816, 1, '', 0, '2019-06-15 09:33:09'),
(7757949, 1, '', 0, '2019-06-03 19:42:25'),
(7826822, 1, '', 0, '2019-06-03 19:49:08'),
(7866790, 1, '', 0, '2019-05-28 21:28:21'),
(7911611, 1, '', 0, '2019-06-13 11:23:09'),
(8041847, 1, '', 0, '2019-05-31 21:11:32'),
(8059347, 1, '', 0, '2019-06-15 09:33:21'),
(8073153, 1, '', 0, '2019-06-06 19:50:18'),
(8095996, 1, '', 0, '2019-06-13 12:09:20'),
(8105517, 1, '', 0, '2019-06-06 18:41:32'),
(8146727, 1, '', 0, '2019-06-02 17:34:53'),
(8171896, 1, '', 0, '2019-05-28 21:43:42'),
(8185330, 1, '', 0, '2019-06-13 11:17:49'),
(8316239, 1, '', 0, '2019-05-28 18:32:31'),
(8429839, 1, '', 0, '2019-06-02 10:12:18'),
(8496054, 1, '', 0, '2019-06-03 16:55:02'),
(8507888, 1, '', 0, '2019-06-15 08:29:49'),
(8523770, 1, '', 0, '2019-06-03 17:26:08'),
(8575165, 1, '', 0, '2019-06-13 11:08:37'),
(8604770, 1, '', 0, '2019-06-03 19:40:14'),
(8652186, 1, '', 0, '2019-06-13 11:00:25'),
(8716834, 1, '', 0, '2019-06-15 08:06:37'),
(8750632, 1, '', 0, '2019-05-28 18:43:38'),
(8751561, 1, '', 0, '2019-05-28 18:22:14'),
(8759994, 1, '', 0, '2019-06-13 10:54:26'),
(8767144, 1, '', 0, '2019-05-27 19:08:52'),
(8791031, 1, '', 0, '2019-06-13 11:15:06'),
(8927354, 1, '', 0, '2019-05-31 21:10:46'),
(8965433, 1, '', 0, '2019-06-02 10:11:34'),
(8977281, 1, '', 0, '2019-05-28 17:51:49'),
(8992197, 1, '', 0, '2019-06-13 11:10:03'),
(9001669, 1, '', 0, '2019-06-01 17:13:33'),
(9041515, 1, '', 0, '2019-05-28 17:55:20'),
(9069303, 1, '', 0, '2019-05-27 18:59:52'),
(9095718, 1, '', 0, '2019-06-06 19:42:44'),
(9127370, 1, '', 0, '2019-06-15 09:33:15'),
(9130051, 1, '', 0, '2019-05-28 21:03:17'),
(9243832, 1, '', 0, '2019-06-01 16:09:54'),
(9295122, 1, '', 0, '2019-06-03 19:48:36'),
(9346903, 1, '', 0, '2019-05-27 18:48:18'),
(9358546, 1, '', 0, '2019-06-15 08:09:56'),
(9423562, 1, '', 0, '2019-05-28 18:35:37'),
(9474202, 1, '', 0, '2019-05-28 17:59:02'),
(9478616, 1, '', 0, '2019-06-03 17:26:44'),
(9502461, 1, '', 0, '2019-06-02 10:09:57'),
(9512427, 1, '', 0, '2019-06-03 20:03:39'),
(9523213, 1, '', 0, '2019-06-03 17:23:16'),
(9544107, 1, '', 0, '2019-06-03 19:44:30'),
(9607351, 1, '', 0, '2019-06-02 17:59:12'),
(9756033, 1, '', 0, '2019-05-28 18:21:38'),
(9875143, 1, '', 0, '2019-05-27 18:57:24'),
(9957437, 1, '', 0, '2019-06-08 21:20:03');

-- --------------------------------------------------------

--
-- Estructura de tabla para la tabla `partida_user`
--

CREATE TABLE `partida_user` (
  `partida_id` int(11) NOT NULL,
  `user_id` int(11) NOT NULL
) ENGINE=InnoDB DEFAULT CHARSET=utf8mb4 COLLATE=utf8mb4_unicode_ci;

--
-- Volcado de datos para la tabla `partida_user`
--

INSERT INTO `partida_user` (`partida_id`, `user_id`) VALUES
(8549, 2),
(8549, 3),
(63567, 2),
(137207, 2),
(202597, 2),
(237886, 2),
(272826, 2),
(290857, 2),
(357857, 2),
(417458, 2),
(438412, 2),
(438412, 3),
(479877, 2),
(482248, 2),
(523868, 2),
(563209, 2),
(600282, 2),
(600282, 3),
(604172, 2),
(604172, 3),
(623741, 2),
(626733, 2),
(646776, 2),
(655193, 2),
(713112, 2),
(809376, 2),
(859039, 2),
(859039, 3),
(916028, 2),
(916028, 3),
(916028, 4),
(917222, 2),
(917222, 3),
(917222, 4),
(917222, 5),
(920340, 2),
(920340, 3),
(935040, 2),
(947398, 2),
(947398, 3),
(981307, 2),
(984487, 2),
(1053527, 2),
(1201122, 2),
(1205938, 2),
(1224721, 2),
(1247804, 2),
(1254494, 2),
(1331073, 2),
(1331073, 3),
(1346722, 2),
(1363721, 2),
(1368666, 2),
(1374989, 2),
(1379036, 2),
(1487554, 2),
(1525822, 2),
(1554448, 2),
(1595216, 2),
(1597782, 2),
(1611299, 2),
(1624230, 2),
(1670162, 2),
(1672434, 2),
(1712073, 2),
(1718667, 2),
(1726660, 2),
(1740253, 2),
(1775223, 2),
(1803089, 2),
(1804583, 2),
(1805179, 2),
(1848527, 2),
(1870880, 2),
(1935728, 2),
(1945290, 2),
(2049169, 2),
(2133673, 2),
(2160363, 2),
(2160363, 3),
(2248279, 2),
(2302047, 2),
(2310760, 2),
(2310760, 3),
(2310760, 4),
(2310760, 5),
(2344186, 2),
(2349111, 2),
(2421683, 2),
(2421683, 3),
(2465951, 2),
(2465951, 3),
(2542494, 2),
(2566250, 2),
(2605146, 2),
(2678020, 2),
(2751239, 2),
(2751239, 3),
(2840570, 2),
(2840570, 3),
(2851927, 2),
(2865672, 2),
(2880610, 2),
(2880951, 2),
(2921196, 2),
(2921196, 3),
(2956996, 2),
(2956996, 3),
(2965053, 2),
(2974790, 2),
(3004832, 2),
(3004832, 3),
(3020095, 2),
(3032177, 2),
(3032177, 3),
(3032177, 4),
(3032177, 5),
(3061271, 2),
(3076799, 2),
(3081102, 2),
(3153186, 2),
(3153186, 3),
(3173783, 2),
(3334565, 2),
(3349236, 2),
(3413930, 2),
(3413930, 3),
(3513280, 2),
(3514355, 2),
(3520522, 2),
(3520522, 3),
(3587133, 2),
(3594498, 4),
(3631622, 2),
(3631622, 3),
(3643762, 2),
(3700218, 2),
(3700218, 3),
(3700218, 4),
(3700218, 5),
(3727355, 2),
(3727355, 3),
(3761194, 2),
(3761194, 3),
(3806923, 2),
(3841239, 2),
(3959030, 2),
(4005499, 2),
(4031482, 2),
(4065062, 2),
(4085257, 2),
(4153803, 2),
(4243653, 2),
(4301425, 2),
(4306802, 2),
(4418511, 2),
(4500138, 2),
(4522049, 2),
(4603077, 2),
(4637335, 2),
(4659047, 2),
(4693326, 2),
(4820564, 2),
(4909973, 2),
(4961259, 2),
(4961259, 3),
(4979528, 2),
(5028354, 2),
(5075889, 2),
(5094450, 2),
(5163276, 2),
(5186764, 2),
(5245451, 2),
(5336299, 2),
(5336299, 3),
(5336299, 4),
(5353281, 2),
(5453981, 2),
(5453981, 3),
(5459448, 2),
(5459448, 3),
(5459448, 4),
(5459448, 5),
(5465893, 2),
(5492672, 2),
(5598714, 2),
(5598714, 3),
(5652090, 2),
(5688892, 2),
(5759068, 2),
(5784438, 2),
(5784438, 3),
(5793017, 2),
(5897645, 2),
(5967269, 2),
(5967269, 3),
(6048949, 2),
(6078226, 2),
(6078226, 3),
(6078226, 4),
(6109994, 2),
(6109994, 3),
(6189393, 2),
(6218767, 2),
(6249859, 2),
(6249859, 3),
(6261567, 2),
(6261567, 3),
(6310696, 2),
(6359123, 2),
(6389830, 2),
(6389830, 3),
(6405424, 2),
(6545054, 2),
(6545054, 3),
(6567778, 2),
(6567778, 3),
(6567778, 4),
(6585699, 2),
(6606529, 2),
(6606529, 3),
(6639456, 2),
(6639456, 3),
(6930656, 2),
(6930656, 3),
(6930656, 4),
(6930656, 5),
(7020794, 2),
(7041177, 2),
(7062423, 2),
(7103112, 2),
(7107879, 2),
(7281782, 2),
(7299401, 2),
(7404723, 2),
(7433765, 2),
(7442779, 2),
(7473407, 2),
(7501008, 2),
(7634786, 2),
(7680407, 2),
(7697816, 2),
(7697816, 3),
(7697816, 4),
(7697816, 5),
(7757949, 2),
(7826822, 2),
(7866790, 2),
(7911611, 2),
(8041847, 2),
(8059347, 2),
(8059347, 3),
(8059347, 4),
(8059347, 5),
(8073153, 2),
(8073153, 3),
(8095996, 2),
(8105517, 2),
(8146727, 2),
(8171896, 2),
(8185330, 2),
(8316239, 2),
(8316239, 3),
(8429839, 2),
(8496054, 2),
(8507888, 2),
(8507888, 3),
(8523770, 2),
(8575165, 2),
(8604770, 2),
(8652186, 2),
(8652186, 3),
(8716834, 2),
(8716834, 3),
(8750632, 2),
(8750632, 3),
(8751561, 2),
(8751561, 3),
(8759994, 2),
(8767144, 2),
(8791031, 2),
(8927354, 2),
(8965433, 2),
(8977281, 2),
(8977281, 3),
(8992197, 2),
(9001669, 2),
(9041515, 2),
(9041515, 3),
(9069303, 2),
(9095718, 2),
(9095718, 3),
(9095718, 4),
(9127370, 2),
(9127370, 3),
(9127370, 4),
(9127370, 5),
(9130051, 2),
(9130051, 3),
(9243832, 2),
(9295122, 2),
(9346903, 2),
(9358546, 2),
(9423562, 2),
(9423562, 3),
(9474202, 2),
(9474202, 3),
(9478616, 2),
(9502461, 2),
(9512427, 2),
(9523213, 2),
(9544107, 2),
(9607351, 2),
(9756033, 2),
(9756033, 3),
(9875143, 2),
(9957437, 2);

-- --------------------------------------------------------

--
-- Estructura de tabla para la tabla `titulo_propiedad`
--

CREATE TABLE `titulo_propiedad` (
  `id` int(11) NOT NULL,
  `precio_compra` int(11) NOT NULL,
  `nombre` varchar(255) COLLATE utf8mb4_unicode_ci DEFAULT NULL,
  `casilla_id` int(11) DEFAULT NULL,
  `usuario_id` int(11) DEFAULT NULL,
  `grupo` varchar(255) COLLATE utf8mb4_unicode_ci NOT NULL,
  `alquiler_base` int(11) DEFAULT NULL,
  `factor_revalorizacion` double DEFAULT NULL,
  `num_casas` int(11) DEFAULT NULL,
  `num_hoteles` int(11) DEFAULT NULL,
  `precio_edificar` int(11) DEFAULT NULL
) ENGINE=InnoDB DEFAULT CHARSET=utf8mb4 COLLATE=utf8mb4_unicode_ci;

--
-- Volcado de datos para la tabla `titulo_propiedad`
--

INSERT INTO `titulo_propiedad` (`id`, `precio_compra`, `nombre`, `casilla_id`, `usuario_id`, `grupo`, `alquiler_base`, `factor_revalorizacion`, `num_casas`, `num_hoteles`, `precio_edificar`) VALUES
(1, 1000, 'Fuencarral', 2, NULL, 'verde', 50, 1.05, 0, 0, 100),
(2, 1250, 'Alberto Aguilera', 3, NULL, 'verde', 75, 1.1, 0, 0, 150),
(3, 1500, 'Glorieta Bilbao', 5, NULL, 'verde', 100, 1.15, 0, 0, 200),
(4, 1750, 'Calle Bailen', 7, NULL, 'amarilla', 125, 1.2, 0, 0, 225),
(5, 2000, 'Plaza España', 8, NULL, 'amarilla', 150, 1.25, 0, 0, 250),
(6, 2250, 'Puerta del sol', 9, NULL, 'amarilla', 175, 1.3, 0, 0, 275),
(7, 2500, 'Gran via', 13, NULL, 'azul', 200, 1.35, 0, 0, 300),
(8, 2750, 'Paseo de la Castellana', 14, NULL, 'azul', 225, 1.4, 0, 0, 325),
(9, 3000, 'Paseo del prado', 15, NULL, 'azul', 250, 1.45, 0, 0, 350),
(10, 3250, 'Reyes Catolicos', 17, NULL, 'rojo', 275, 1.5, 0, 0, 375),
(11, 3500, 'Cea Bermudez', 18, NULL, 'rojo', 300, 1.7, 0, 0, 400),
(12, 3750, 'Maria Molina', 19, NULL, 'rojo', 325, 1.8, 0, 0, 425),
(13, 4000, 'Avenida America', 20, NULL, 'rojo', 350, 2, 0, 0, 450);

-- --------------------------------------------------------

--
-- Estructura de tabla para la tabla `user`
--

CREATE TABLE `user` (
  `id` int(11) NOT NULL,
  `email` varchar(180) COLLATE utf8mb4_unicode_ci NOT NULL,
  `roles` longtext COLLATE utf8mb4_unicode_ci NOT NULL,
  `password` varchar(255) COLLATE utf8mb4_unicode_ci NOT NULL,
  `nickname` varchar(255) COLLATE utf8mb4_unicode_ci NOT NULL,
  `casillas_id` int(11) DEFAULT NULL,
  `saldo_partida` int(11) DEFAULT NULL
) ENGINE=InnoDB DEFAULT CHARSET=utf8mb4 COLLATE=utf8mb4_unicode_ci;

--
-- Volcado de datos para la tabla `user`
--

INSERT INTO `user` (`id`, `email`, `roles`, `password`, `nickname`, `casillas_id`, `saldo_partida`) VALUES
(1, 'cosa@gmail.com', '[]', 'c4ca4238a0b923820dcc509a6f75849b', 'San Juan', 1, NULL),
(2, 'cosa2@gmail.com', '', 'c4ca4238a0b923820dcc509a6f75849b', 'Carrefour', 1, 7500),
(3, 'cosa3@gmail.com', '', 'c4ca4238a0b923820dcc509a6f75849b', 'Mediamark', 1, 7500),
(4, 'cosa4@gmail.com', '', 'c4ca4238a0b923820dcc509a6f75849b', 'Melguizo', 1, 7500),
(5, 'cosa5@gmail.com', '', 'c4ca4238a0b923820dcc509a6f75849b', 'Mercadona', 1, 7500),
(6, 'antonio@gmail.com', '[]', 'c4ca4238a0b923820dcc509a6f75849b', 'Tomás pepe', 6, NULL),
(8, 'ant125@gmail.com', '[]', 'c4ca4238a0b923820dcc509a6f75849b', 'vasc', NULL, NULL),
(9, 'ant12312312@gmail.com', '[]', '7388db0b9b0e644a0b9d2c15f9f2168f', 'adsf', NULL, NULL),
(10, 'uannn@gmail.com', '[]', 'c4ca4238a0b923820dcc509a6f75849b', 'uaaan', NULL, NULL),
(11, 'naver@gmail.com', '[]', 'c4ca4238a0b923820dcc509a6f75849b', 'Naver', NULL, NULL);

--
-- Índices para tablas volcadas
--

--
-- Indices de la tabla `carta`
--
ALTER TABLE `carta`
  ADD PRIMARY KEY (`id`),
  ADD KEY `IDX_BDB93BE4DB38439E` (`usuario_id`);

--
-- Indices de la tabla `carta_partida`
--
ALTER TABLE `carta_partida`
  ADD PRIMARY KEY (`carta_id`,`partida_id`),
  ADD KEY `IDX_A5E5ED5A46A559E1` (`carta_id`),
  ADD KEY `IDX_A5E5ED5AF15A1987` (`partida_id`);

--
-- Indices de la tabla `casillas`
--
ALTER TABLE `casillas`
  ADD PRIMARY KEY (`id`);

--
-- Indices de la tabla `casillas_partida`
--
ALTER TABLE `casillas_partida`
  ADD PRIMARY KEY (`casillas_id`,`partida_id`),
  ADD KEY `IDX_20A97933EDE6CE06` (`casillas_id`),
  ADD KEY `IDX_20A97933F15A1987` (`partida_id`);

--
-- Indices de la tabla `dado`
--
ALTER TABLE `dado`
  ADD PRIMARY KEY (`id`);

--
-- Indices de la tabla `mensaje`
--
ALTER TABLE `mensaje`
  ADD PRIMARY KEY (`id`);

--
-- Indices de la tabla `migration_versions`
--
ALTER TABLE `migration_versions`
  ADD PRIMARY KEY (`version`);

--
-- Indices de la tabla `partida`
--
ALTER TABLE `partida`
  ADD PRIMARY KEY (`id`),
  ADD KEY `IDX_A9C1580CB7CA418D` (`dado_id`);

--
-- Indices de la tabla `partida_user`
--
ALTER TABLE `partida_user`
  ADD PRIMARY KEY (`partida_id`,`user_id`),
  ADD KEY `IDX_F45797C9F15A1987` (`partida_id`),
  ADD KEY `IDX_F45797C9A76ED395` (`user_id`);

--
-- Indices de la tabla `titulo_propiedad`
--
ALTER TABLE `titulo_propiedad`
  ADD PRIMARY KEY (`id`),
  ADD UNIQUE KEY `UNIQ_A8E4619F97DD048E` (`casilla_id`),
  ADD KEY `IDX_A8E4619FDB38439E` (`usuario_id`);

--
-- Indices de la tabla `user`
--
ALTER TABLE `user`
  ADD PRIMARY KEY (`id`),
  ADD UNIQUE KEY `UNIQ_8D93D649E7927C74` (`email`),
  ADD KEY `IDX_8D93D649EDE6CE06` (`casillas_id`);

--
-- AUTO_INCREMENT de las tablas volcadas
--

--
-- AUTO_INCREMENT de la tabla `carta`
--
ALTER TABLE `carta`
  MODIFY `id` int(11) NOT NULL AUTO_INCREMENT, AUTO_INCREMENT=7;

--
-- AUTO_INCREMENT de la tabla `casillas`
--
ALTER TABLE `casillas`
  MODIFY `id` int(11) NOT NULL AUTO_INCREMENT, AUTO_INCREMENT=21;

--
-- AUTO_INCREMENT de la tabla `dado`
--
ALTER TABLE `dado`
  MODIFY `id` int(11) NOT NULL AUTO_INCREMENT, AUTO_INCREMENT=2;

--
-- AUTO_INCREMENT de la tabla `mensaje`
--
ALTER TABLE `mensaje`
  MODIFY `id` int(11) NOT NULL AUTO_INCREMENT, AUTO_INCREMENT=3;

--
-- AUTO_INCREMENT de la tabla `partida`
--
ALTER TABLE `partida`
  MODIFY `id` int(11) NOT NULL AUTO_INCREMENT, AUTO_INCREMENT=9957438;

--
-- AUTO_INCREMENT de la tabla `titulo_propiedad`
--
ALTER TABLE `titulo_propiedad`
  MODIFY `id` int(11) NOT NULL AUTO_INCREMENT, AUTO_INCREMENT=14;

--
-- AUTO_INCREMENT de la tabla `user`
--
ALTER TABLE `user`
  MODIFY `id` int(11) NOT NULL AUTO_INCREMENT, AUTO_INCREMENT=12;

--
-- Restricciones para tablas volcadas
--

--
-- Filtros para la tabla `carta`
--
ALTER TABLE `carta`
  ADD CONSTRAINT `FK_BDB93BE4DB38439E` FOREIGN KEY (`usuario_id`) REFERENCES `user` (`id`);

--
-- Filtros para la tabla `carta_partida`
--
ALTER TABLE `carta_partida`
  ADD CONSTRAINT `FK_A5E5ED5A46A559E1` FOREIGN KEY (`carta_id`) REFERENCES `carta` (`id`) ON DELETE CASCADE,
  ADD CONSTRAINT `FK_A5E5ED5AF15A1987` FOREIGN KEY (`partida_id`) REFERENCES `partida` (`id`) ON DELETE CASCADE;

--
-- Filtros para la tabla `casillas_partida`
--
ALTER TABLE `casillas_partida`
  ADD CONSTRAINT `FK_20A97933EDE6CE06` FOREIGN KEY (`casillas_id`) REFERENCES `casillas` (`id`) ON DELETE CASCADE,
  ADD CONSTRAINT `FK_20A97933F15A1987` FOREIGN KEY (`partida_id`) REFERENCES `partida` (`id`) ON DELETE CASCADE;

--
-- Filtros para la tabla `partida`
--
ALTER TABLE `partida`
  ADD CONSTRAINT `FK_A9C1580CB7CA418D` FOREIGN KEY (`dado_id`) REFERENCES `dado` (`id`);

--
-- Filtros para la tabla `partida_user`
--
ALTER TABLE `partida_user`
  ADD CONSTRAINT `FK_F45797C9A76ED395` FOREIGN KEY (`user_id`) REFERENCES `user` (`id`) ON DELETE CASCADE,
  ADD CONSTRAINT `FK_F45797C9F15A1987` FOREIGN KEY (`partida_id`) REFERENCES `partida` (`id`) ON DELETE CASCADE;

--
-- Filtros para la tabla `titulo_propiedad`
--
ALTER TABLE `titulo_propiedad`
  ADD CONSTRAINT `FK_A8E4619F97DD048E` FOREIGN KEY (`casilla_id`) REFERENCES `casillas` (`id`),
  ADD CONSTRAINT `FK_A8E4619FDB38439E` FOREIGN KEY (`usuario_id`) REFERENCES `user` (`id`);

--
-- Filtros para la tabla `user`
--
ALTER TABLE `user`
  ADD CONSTRAINT `FK_8D93D649EDE6CE06` FOREIGN KEY (`casillas_id`) REFERENCES `casillas` (`id`);
COMMIT;

/*!40101 SET CHARACTER_SET_CLIENT=@OLD_CHARACTER_SET_CLIENT */;
/*!40101 SET CHARACTER_SET_RESULTS=@OLD_CHARACTER_SET_RESULTS */;
/*!40101 SET COLLATION_CONNECTION=@OLD_COLLATION_CONNECTION */;
